company,title,location,url,description,skills,source
Uber,Test UAT,,https://www.smartrecruiters.com/uber/3743990000051828,,,smartrecruiters
DocuSign,Sr Solution Engineer,,https://www.smartrecruiters.com/docusign/743999724633588,,,smartrecruiters
DocuSign,Solution Engineer,,https://www.smartrecruiters.com/docusign/743999705739982,,,smartrecruiters
DocuSign,Job,,https://www.smartrecruiters.com/docusign/743999702226257,,,smartrecruiters
DocuSign,Account Manager,,https://www.smartrecruiters.com/docusign/743999679126652,,,smartrecruiters
Palantir,Lead QA,,https://www.smartrecruiters.com/palantir/743999683157028,,,smartrecruiters
Palantir,Intermediate C# Full Stack Developer,,https://www.smartrecruiters.com/palantir/743999679763043,,,smartrecruiters
Palantir,Intermediate C# Full Stack Developer,,https://www.smartrecruiters.com/palantir/743999679762134,,,smartrecruiters
Palantir,Junior C# Full Stack Developer,,https://www.smartrecruiters.com/palantir/743999679761713,,,smartrecruiters
Palantir,Junior C# Full Stack Developer,,https://www.smartrecruiters.com/palantir/743999679761648,,,smartrecruiters
Palantir,Solutions Consultant,,https://www.smartrecruiters.com/palantir/743999677423996,,,smartrecruiters
Palantir,Support Analyst,,https://www.smartrecruiters.com/palantir/743999671072062,,,smartrecruiters
Palantir,Business Consultant,,https://www.smartrecruiters.com/palantir/743999669778328,,,smartrecruiters
Palantir,Senior Front End Web Developer,,https://www.smartrecruiters.com/palantir/743999669362604,,,smartrecruiters
Palantir,Business Consultant,,https://www.smartrecruiters.com/palantir/743999667386636,,,smartrecruiters
Bunq,Internal Auditor - Tech Infrastructure & Architecture,"Amsterdam, Noord-Holland, Netherlands",https://bunq.recruitee.comNone,"<p><span style=""color:#5E6375"">Weâ€™re building the bank of The Free â€“ and our mission is to Make Life Easy for our users with fast, secure, and smart banking experiences ğŸŒˆ The Internal Audit team powers this mission by ensuring bunq is moving fast and efficiently, keeping our userâ€™s money safe and always be there for them when they need us most.</span></p><p style=""min-height: 1.7em;""></p><p><strong><span style=""color:#5E6375"">Take ownership:</span></strong></p><p><span style=""color:#5E6375"">As an Internal Auditor for Tech infrastructure &amp; architecture, youâ€™ll play a critical role in safe guarding bunq's technology, infrastructure and AI systems, so that everything runs smoothly for our users and the teams behind the scenes.</span></p><ul><li><p><span style=""color:#5E6375"">Identify and tackle systemic risks on infrastructure, technology, and architecture to the root causes, and recommend fixes before they can have any impact.</span></p></li><li><p><span style=""color:#5E6375"">Drive high-impact corrective actions and track them to closure, turning every audit finding into a measurable and time-bound action.</span></p></li><li><p><span style=""color:#5E6375"">Leverage AI end-to-end in audit projects, from planning to reporting.</span></p></li></ul>",,recruitee
Bunq,Offboarding Agent,"Ä°stanbul, Ä°stanbul, TÃ¼rkiye",https://bunq.recruitee.comNone,"<p>Our users trust bunq to keep their banking safe and seamless. That means when users who donâ€™t meet our requirements are identified, they are off-boarded correctly, quickly, and fairly â€” without interrupting the experience of our genuine users who deserve safety, clarity, and ease. Your challenge in this mission is to strengthen our off-boarding operations, making sure the process is automated, compliant, and user-friendly ğŸš€</p><p style=""min-height: 1.7em;""></p><p><strong>Take Ownership</strong></p><p>Your mission is to protect good users while ensuring that unverified or non-compliant users are off-boarded with accuracy and transparency ğŸ” As our Offboarding Agent in User Quality, you will:</p><ul><li><p>Ensure off-boarding processes are fully automated, based on well-defined logic, and aligned with legal and regulatory standards. Decisions must be justified, transparent, and user-friendly.</p></li><li><p>Oversee the timely processing of refunds for off-boarded users, ensuring completion within 32 days and maintaining a fair, consistent experience.</p></li><li><p>Actively track automation performance, identify gaps, and implement fixes quickly. Drive ongoing improvements to reduce user impact and maximize operational efficiency.</p></li></ul>",,recruitee
Bunq,Reporting Agent,"Sofia, Sofia (stolitsa), Bulgaria",https://bunq.recruitee.comNone,"<p>Our users trust bunq to keep their money safe. That means spotting, reporting, and preventing bad actors before they can do harm. Your challenge in this mission is to strengthen our reporting operations, and ensure that we meet local laws and regulations â€” helping us keep Making Life Easy for our users ğŸš€</p><p style=""min-height: 1.7em;""></p><p>Up for it? Kick off your application by taking our assessment and find out if bunq is your perfect match!</p><h4></h4><p><strong>Take ownership</strong></p><p>Your mission is to protect our users by making sure suspicious activity is flagged and reported in line with legal and regulatory requirements ğŸ” As our Reporting Agent in User Quality, you will: </p><ol><li><p>Ensure compliance by reporting suspicious activity to the appropriate FIUs and implementing country-specific financial crime reporting requirements.</p></li><li><p>Establish clear procedures and continuously improve reporting processes through gap analysis and automation to enhance scalability, accuracy, and regulatory alignment.</p></li><li><p>Monitor reporting performance using analytics tools like Retool, Looker, and GSheets, while managing all open CAP items within required deadlines.</p></li></ol>",,recruitee
Bunq,User Review Agent,"Ä°stanbul, Ä°stanbul, TÃ¼rkiye",https://bunq.recruitee.comNone,"<p style=""text-align:start;""><span style=""color:#575b6d"">Our user wants a bank that is centered around their needs, which includes trust in ongoing services. Your challenge in this mission is to keep them safe by strengthening our compliance operations, and ensure that we are compliant to local laws and regulations - and through this, help us keep Making Life Easy for our users ğŸš€</span></p><p style=""min-height: 1.7em;""></p><p style=""text-align:start;""><span style=""color:#575b6d"">Up for it? Kick off your application by taking our assessment and find out if bunq is your perfect match!</span></p><p style=""min-height: 1.7em;""></p><h3 style=""text-align:start;""><strong><span style=""color:#575b6d"">Take Ownership</span></strong></h3><p style=""text-align:start;""><span style=""color:#575b6d"">Your mission is to keep our users compliant to bunq's policies and the law, while investigating any potential deviations ğŸ” As our User Review Agent, you will serve our users by taking ownership of:</span></p><ul><li><p><span style=""color:#575b6d"">User experience </span></p></li><li><p style=""text-align:justify;""><span style=""color:#575b6d"">Thoroughly investigating and verifying the legitimacy of high-risk clients and transactions.</span></p></li><li><p style=""text-align:justify;""><span style=""color:#575b6d"">Continuously monitoring accounts for suspicious or unusual activity that could impact our users.</span></p></li><li><p style=""text-align:justify;""><span style=""color:#575b6d"">Ensuring full compliance with all applicable laws and regulations to protect userâ€™s interests.</span></p></li></ul>",,recruitee
Bunq,German Localization and UX Writer,"Berlin, Berlin, Germany",https://bunq.recruitee.comNone,"<p><span style=""color:#5A5F72"">At bunq, we design everything around Eva â€“ our champion user. She represents everyone who relies on our app to make life easy. Our app should feel like home for Eva â€“ intuitive, effortless, and designed around her needs. Your role is to build that connection through words. <br><br>As a UX Writer, you'll help guide Eva through the app with ease, turning complexity into clarity, and making her journey simple, actionable, and delightful.</span></p><p style=""min-height: 1.7em;""></p><p><strong>Up for this?</strong></p><p>Kick off your application by taking our assessment and find out if bunq is your perfect match! ğŸš€</p><p><strong><br>Take ownership:</strong></p><p>As our UX Writer, you'll take ownership of bringing clarity and impact to every phrase Eva interacts with. Your key responsibilities include:</p><ul><li><p>Writing short, actionable, and precise German copy for the bunq app, ensuring clarity and guidance for our user</p></li><li><p>Collaborating closely with Product Owners and UX Designers to create seamless user experiences tailored to Evaâ€™s needs</p></li><li><p>Developing and maintaining messaging frameworks that uphold bunq's tone of voice while assessing their effectiveness</p></li><li><p>Using product testing methods like A/B testing and usability studies to evaluate and iterate on UX copy based on user behavior and preferences </p></li><li><p>Embedding your copy directly into prototypes using tools like Figma, ensuring cohesive design and content integration </p></li><li><p>Balancing inspiration and practicality in your messaging to guide Eva without overwhelming her</p></li></ul>",,recruitee
Bunq,Internal Auditor - Data Security & AI,"Amsterdam, Noord-Holland, Netherlands",https://bunq.recruitee.comNone,"<p>Our users trust bunq to protect their data, their money, and their privacy â€” always.</p><p style=""min-height: 1.7em;""></p><p><strong>When they save, pay, or use AI-powered features, they expect their data to stay safe, encrypted, and used only in ways they approve. The </strong>Internal Auditor â€“ Data Security &amp; AI<strong> makes sure bunqâ€™s data handling, cybersecurity, and AI systems always live up to those expectations: secure, ethical, and compliant.</strong></p><p style=""min-height: 1.7em;""></p><p><strong>Through risk-based audits, youâ€™ll dive deep into data security, AI governance, privacy (GDPR), and compliance standards (such as: PCI DSS, CIS, DORA, PSD2, AI Act). Youâ€™ll surface risks before they ever reach our users, and push for solutions that fix root causes â€” not just patch symptoms. On top of that, youâ€™ll enhance and automate our </strong>System Checker<strong>, taking it to the next level.</strong></p><p style=""min-height: 1.7em;""></p><p><strong>Take ownership ğŸš€</strong></p><p><strong>As our </strong>Internal Auditor â€“ Data Security &amp; AI<strong>, youâ€™ll:</strong></p><ol class=""ProsemirrorEditor-list""><li><p><strong>Spot and prevent risks before they matter â€“ identify systemic data and AI issues early and recommend bold, lasting fixes.</strong></p></li><li><p><strong>Turn findings into action â€“ make sure every risk results in measurable improvements, tracked and closed fast.</strong></p></li><li><p><strong>Use AI to raise the bar â€“ embed AI into audits themselves, from smart analysis to predictive risk reporting.</strong></p></li></ol>",,recruitee
Bunq,Social Media Manager,"Amsterdam, Noord-Holland, Netherlands",https://bunq.recruitee.comNone,"<p>At bunq, we're not just building a banking app; we're reshaping how people around the world experience financial freedom. As a Social Media Manager, youâ€™ll be instrumental in bringing awareness to this mission by crafting content that cuts through the noise. Elevate our voice and leave a lasting impact on both minds and feeds.</p><p><br><br>Take Ownership</p><p>As bunq's Social Media Manager to take ownership of our presence on LinkedIn, X, and YouTube. Youâ€™ll be responsible for creating and executing our social media strategy, developing content that resonates with our audiences (both users and potential employees), and experimenting with new formats that push our channels forward.</p><ul><li><p>Plan &amp; Strategize: Build and own a content calendar aligned with our company agenda, user personas, and employer brand.</p></li><li><p>Create Content: Produce engaging posts and visuals for LinkedIn, X, and YouTube. Youâ€™ll create about 80% of the content yourself, supported by AI tools and a filmmaker for YouTube.</p></li><li><p>Experiment &amp; Grow: Shape our YouTube presence from the ground up - test new formats, learn what works, and build a strategy that scales.</p></li><li><p>Optimize Performance: Track analytics, measure impact, and continuously refine our content for engagement and growth.</p></li><li><p>Benchmark &amp; Iterate: Keep an eye on competitors and industry trends to make sure we stay ahead.</p></li></ul>",,recruitee
Bunq,Fraud Perpetrators Owner,"Amsterdam, Noord-Holland, Netherlands",https://bunq.recruitee.comNone,"<p><span style=""color:#5e6374"">Weâ€™re on a mission to change the future of banking by Making Life Easy for our users.</span></p><p style=""min-height: 1.7em;""></p><p><span style=""color:#5e6374"">To achieve this mission, we are committed to protecting our users and maintaining a strong reputation as a trustworthy and secure platform. We are actively working to prevent fraud and keep perpetrators (scammers, criminals, and fraudsters) away.</span></p><p style=""min-height: 1.7em;""></p><p><span style=""color:#5e6374"">As bunqâ€™s Fraud Perpetrator Owner, you will play a key role in achieving this by:</span></p><ul><li><p><span style=""color:#5e6374"">preventing perpetrators from accessing and exploiting our platform, while ensuring a seamless experience for legitimate users.&nbsp;</span></p></li><li><p><span style=""color:#5e6374"">Taking end-to-end ownership to map, analyze, optimize, and automate fraud prevention processes. This includes the opportunity to build solutions from the ground up, leveraging AI and other technologies where applicable.</span></p></li><li><p><span style=""color:#5e6374"">Evaluating potential risks against benefits in decision-making, prioritizing actions that safeguard both our users and bunq's interests.</span></p></li></ul><p style=""min-height: 1.7em;""></p><p><span style=""color:#5e6374"">Up for the challenge?</span></p><p style=""min-height: 1.7em;""></p><p><span style=""color:#5e6374"">Kick off your application by taking our assessment and find out if bunq is your perfect match! ğŸ­</span></p>",,recruitee
Bunq,UX Writer,"Amsterdam, Noord-Holland, Netherlands",https://bunq.recruitee.comNone,"<p><span style=""color:#5a5f72"">At bunq, we design everything around Eva â€“ our champion user. She represents everyone who relies on our app to make life easy. Our app should feel like home for Eva â€“ intuitive, effortless, and designed around her needs. Your role is to build that connection through words. <br><br>As a UX Writer, you'll help guide Eva through the app with ease, turning complexity into clarity, and making her journey simple, actionable, and delightful.</span></p><p style=""min-height: 1.7em;""></p><p><strong>Up for this?</strong></p><p>Kick off your application by taking our assessment and find out if bunq is your perfect match! ğŸš€</p><p><strong><br>Take ownership:</strong></p><p>As our UX Writer, you'll take ownership of bringing clarity and impact to every phrase Eva interacts with. Your key responsibilities include:</p><ul><li><p>Writing short, actionable, and precise English copy for the bunq app, ensuring clarity and guidance for our user</p></li><li><p>Collaborating closely with Product Owners and UX Designers to create seamless user experiences tailored to Evaâ€™s needs</p></li><li><p>Developing and maintaining messaging frameworks that uphold bunq's tone of voice while assessing their effectiveness</p></li><li><p>Using product testing methods like A/B testing and usability studies to evaluate and iterate on UX copy based on user behavior and preferences </p></li><li><p>Embedding your copy directly into prototypes using tools like Figma, ensuring cohesive design and content integration </p></li><li><p>Balancing inspiration and practicality in your messaging to guide Eva without overwhelming her</p></li></ul>",,recruitee
Bunq,Reporting & Offboarding Lead,"Ä°stanbul, Ä°stanbul, TÃ¼rkiye",https://bunq.recruitee.comNone,"<p>Our users count on bunq for safe, seamless, and transparent banking. As<strong> Reporting &amp; Off-boarding Lead</strong>, youâ€™ll make sure we detect risks early, report them correctly, and off-board users who donâ€™t meet compliance standards. Youâ€™ll build scalable processes, drive automation, and guide your team to deliver impact every day. <strong>Your mission?</strong> Protect our users and bunq, while keeping banking effortless. ğŸŒˆ</p><p style=""min-height: 1.7em;""></p><p><strong>Take ownership</strong></p><ul><li><p>Mentor and guide your team to deliver reporting &amp; off-boarding excellence.</p></li><li><p>Own regulatory alignment across financial crime reporting and off-boarding. </p></li><li><p>Drive smarter, scalable processes through automation. </p></li></ul>",,recruitee
Bunq,Business Onboarding Process Lead,"Sofia, Sofia (stolitsa), Bulgaria",https://bunq.recruitee.comNone,"<p>We believe that opening a business bank account should be as easy as taking your business onlineâ€”and we mean easy. Our goal is a seamless, fast, and transparent onboarding experience for every business owner. As our Business Onboarding Process Lead, youâ€™ll ensure that we keep our promise to onboard businesses in 5 minutes or less.</p><p>Your expertise will reshape and automate onboarding processes, cut through unnecessary back-and-forth, and give businesses the clarity they need every step of the way. Through this, youâ€™ll help us deliver a delightful user experience, showing entrepreneurs theyâ€™ve chosen the right bank for their financial journey.</p><p style=""min-height: 1.7em;""></p><p><strong>Up for this?</strong></p><p>Kick off your application by taking our assessment and find out if bunq is your perfect match! ğŸš€<br></p><p><strong>Take ownership:</strong><br>As the Business Onboarding Process Lead, youâ€™ll own the processes that make it possible for companies to get started right away. Specifically, youâ€™ll be in charge of:</p><ul class=""p-rich_text_list p-rich_text_list__bullet p-rich_text_list--nested""><li><p><strong>Data-driven problem solving:</strong> Conduct weekly analyses of users that donâ€™t meet our 5-minute onboarding promise, identify root causes, and reduce inefficiencies to keep that figure below 4%.</p></li><li><p><strong>Clear communication:</strong> Ensure users in onboarding always know what is expected of them, what they need to do next, and receive a clear timeline for their account verification.</p></li><li><p><strong>Policy optimisation:</strong> Conduct quarterly reviews of SBI codes, risk labels, and acceptance policies to remove unnecessary blockers while maintaining compliance</p></li><li><p><strong>Leverage APIs:</strong> Use service providers where possible to directly collect and verify user data, boosting 5-minute onboarding</p></li></ul>",,recruitee
Bunq,Business Onboarding Process Lead,"Amsterdam, Noord-Holland, Netherlands",https://bunq.recruitee.comNone,"<p>We believe that opening a business bank account should be as easy as taking your business onlineâ€”and we mean easy. Our goal is a seamless, fast, and transparent onboarding experience for every business owner. As our Business Onboarding Process Lead, youâ€™ll ensure that we keep our promise to onboard businesses in 5 minutes or less.</p><p>Your expertise will reshape and automate onboarding processes, cut through unnecessary back-and-forth, and give businesses the clarity they need every step of the way. Through this, youâ€™ll help us deliver a delightful user experience, showing entrepreneurs theyâ€™ve chosen the right bank for their financial journey.</p><p style=""min-height: 1.7em;""></p><p><strong>Up for this?</strong></p><p>Kick off your application by taking our assessment and find out if bunq is your perfect match! ğŸš€<br></p><p><strong>Take ownership:</strong><br>As the Business Onboarding Process Lead, youâ€™ll own the processes that make it possible for companies to get started right away. Specifically, youâ€™ll be in charge of:</p><ul class=""p-rich_text_list p-rich_text_list__bullet p-rich_text_list--nested""><li><p><strong>Data-driven problem solving:</strong> Conduct weekly analyses of users that donâ€™t meet our 5-minute onboarding promise, identify root causes, and reduce inefficiencies to keep that figure below 4%.</p></li><li><p><strong>Clear communication:</strong> Ensure users in onboarding always know what is expected of them, what they need to do next, and receive a clear timeline for their account verification.</p></li><li><p><strong>Policy optimisation:</strong> Conduct quarterly reviews of SBI codes, risk labels, and acceptance policies to remove unnecessary blockers while maintaining compliance</p></li><li><p><strong>Leverage APIs:</strong> Use service providers where possible to directly collect and verify user data, boosting 5-minute onboarding</p></li></ul>",,recruitee
Bunq,Onboarding Risk Analyst,"Sofia, Sofia (stolitsa), Bulgaria",https://bunq.recruitee.comNone,"<p>Every user who joins bunq deserves a <strong>secure</strong>,<strong> fast</strong>, and <strong>frictionless</strong> onboarding experience. As an Onboarding Risk Analyst, your mission is twofold: <strong>stop fraudsters before they enter</strong>, and <strong>optimize the flow for legitimate users so they breeze through in minutes</strong>. Youâ€™ll use data, intuition, and collaboration to design smart defenses that donâ€™t slow down honest customers. Help us protect bunq while keeping our 5-minute onboarding promise.</p><p><strong>Up for this?</strong></p><p>Kick off your application by taking our assessment and find out if bunq is your perfect match! ğŸš€</p><p><br><strong>Take ownership:</strong><br><strong>Own the riskâ€“friction balance:</strong></p><ul><li><p>Continuously refine onboarding flows to <strong>reduce false positives</strong> and eliminate unnecessary steps for good users.</p></li><li><p><strong>Tune rules and checks</strong> to auto-deny bad actors while minimizing manual reviews and delays for legitimate ones.</p></li></ul><p><strong>Prevent fraud at the door:</strong></p><ul><li><p><strong>Design</strong> and <strong>implement</strong> strategies to <strong>detect and block fraudulent signups</strong> (e.g., synthetic identities, device spoofing, multi-accounting).</p></li><li><p>Respond quickly to emerging fraud patterns with updated rules and decision logic.</p></li></ul><p><strong>Act on data, fast:</strong></p><ul><li><p>Use SQL, Excel, dashboards, and risk tooling to track onboarding KPIs like false positives, time to onboard, manual review rate, and fraud rate.</p></li><li><p>Run experiments (e.g., A/B tests) to measure the impact of changes on both fraud prevention and user conversion.</p></li></ul><p><strong>Collaborate across the company:</strong></p><ul><li><p>Work closely with <strong>Product, Compliance, and Engineering</strong> to implement effective and user-friendly onboarding checks.</p></li><li><p>Optimize performance of <strong>KYC and fraud vendors</strong> (e.g., Onfido, Incode) and push for faster, more accurate results.</p></li></ul>",,recruitee
Bunq,Compliance Agent (Legal Account Restriction),"Ä°stanbul, Ä°stanbul, TÃ¼rkiye",https://bunq.recruitee.comNone,"<p>As a Legal Account Restriction Guide, your mission is to handle legal account restrictions with accuracy, speed, and empathy, so our users feel safe, informed, and supported â€” even when things get complicated.</p><p style=""min-height: 1.7em;""></p><p><strong>Why this matters:</strong></p><p>At bunq, our mission is to Make Life Easy â€” for our users, our teams, and the world around us.</p><p>When users face legal restrictions on their account, they need to know their money is safe, their rights are protected, and their case is being handled with care. Youâ€™ll be the one to make that happen â€” ensuring legal compliance without leaving users in the dark.</p><p>As a Legal Account Restriction Guide, youâ€™ll be the calm in the storm, making sure users understand whatâ€™s happening, whatâ€™s next, and what weâ€™re doing to help.</p><p style=""min-height: 1.7em;""></p><p>Take ownership:</p><p>As a Legal Account Restriction Guide, youâ€™ll take charge of key responsibilities that directly impact our usersâ€™ trust, bunqâ€™s legal compliance, and the speed of our operations.</p><p><strong>Your key responsibilities:</strong></p><ul><li><p><strong>Handle legal account restrictions</strong> such as bankruptcies, garnishments, and court orders with full legal accuracy.</p></li><li><p><strong>Communicate clearly with users</strong>, explaining restrictions, timelines, and next steps in a way they understand and trust.</p></li><li><p><strong>Use AI and automation tools</strong> to process cases efficiently and accurately.</p></li><li><p><strong>Spot and fix process gaps</strong>, constantly improving how we handle legal cases without adding friction.</p></li><li><p><strong>Collaborate across teams</strong>, keeping legal, compliance, and operations aligned on each case.</p></li></ul><p><strong>What youâ€™ll work on right away:</strong><br>â†’ <strong>Manage incoming legal orders</strong>, apply restrictions accurately, and track them through resolution.<br>â†’ <strong>Support users during restrictions</strong>, sending clear, timely updates.<br>â†’ <strong>Lift or adjust restrictions</strong> as soon as legal conditions allow, ensuring user access is restored fast.<br>â†’ <strong>Keep a clean audit trail</strong>, documenting actions and decisions for transparency and compliance.<br>â†’ <strong>Improve processes using data</strong>, helping bunq move faster while staying 100% compliant.</p><p style=""min-height: 1.7em;""></p>",,recruitee
Bunq,Compliance Agent (Legal Account Restriction),"Sofia, Sofia (stolitsa), Bulgaria",https://bunq.recruitee.comNone,"<p>As a Legal Account Restriction Guide, your mission is to handle legal account restrictions with accuracy, speed, and empathy, so our users feel safe, informed, and supported â€” even when things get complicated.</p><p style=""min-height: 1.7em;""></p><p><strong>Why this matters:</strong></p><p>At bunq, our mission is to Make Life Easy â€” for our users, our teams, and the world around us.</p><p>When users face legal restrictions on their account, they need to know their money is safe, their rights are protected, and their case is being handled with care. Youâ€™ll be the one to make that happen â€” ensuring legal compliance without leaving users in the dark.</p><p>As a Legal Account Restriction Guide, youâ€™ll be the calm in the storm, making sure users understand whatâ€™s happening, whatâ€™s next, and what weâ€™re doing to help.</p><p style=""min-height: 1.7em;""></p><p>Take ownership:</p><p>As a Legal Account Restriction Guide, youâ€™ll take charge of key responsibilities that directly impact our usersâ€™ trust, bunqâ€™s legal compliance, and the speed of our operations.</p><p><strong>Your key responsibilities:</strong></p><ul><li><p><strong>Handle legal account restrictions</strong> such as bankruptcies, garnishments, and court orders with full legal accuracy.</p></li><li><p><strong>Communicate clearly with users</strong>, explaining restrictions, timelines, and next steps in a way they understand and trust.</p></li><li><p><strong>Use AI and automation tools</strong> to process cases efficiently and accurately.</p></li><li><p><strong>Spot and fix process gaps</strong>, constantly improving how we handle legal cases without adding friction.</p></li><li><p><strong>Collaborate across teams</strong>, keeping legal, compliance, and operations aligned on each case.</p></li></ul><p><strong>What youâ€™ll work on right away:</strong><br>â†’ <strong>Manage incoming legal orders</strong>, apply restrictions accurately, and track them through resolution.<br>â†’ <strong>Support users during restrictions</strong>, sending clear, timely updates.<br>â†’ <strong>Lift or adjust restrictions</strong> as soon as legal conditions allow, ensuring user access is restored fast.<br>â†’ <strong>Keep a clean audit trail</strong>, documenting actions and decisions for transparency and compliance.<br>â†’ <strong>Improve processes using data</strong>, helping bunq move faster while staying 100% compliant.</p><p style=""min-height: 1.7em;""></p>",,recruitee
Bunq,Compliance Agent (Legal Account Restriction),"Amsterdam, Noord-Holland, Netherlands",https://bunq.recruitee.comNone,"<p>As a Legal Account Restriction Guide, your mission is to handle legal account restrictions with accuracy, speed, and empathy, so our users feel safe, informed, and supported â€” even when things get complicated.</p><p style=""min-height: 1.7em;""></p><p><strong>Why this matters:</strong></p><p>At bunq, our mission is to Make Life Easy â€” for our users, our teams, and the world around us.</p><p>When users face legal restrictions on their account, they need to know their money is safe, their rights are protected, and their case is being handled with care. Youâ€™ll be the one to make that happen â€” ensuring legal compliance without leaving users in the dark.</p><p>As a Legal Account Restriction Guide, youâ€™ll be the calm in the storm, making sure users understand whatâ€™s happening, whatâ€™s next, and what weâ€™re doing to help.</p><p style=""min-height: 1.7em;""></p><p>Take ownership:</p><p>As a Legal Account Restriction Guide, youâ€™ll take charge of key responsibilities that directly impact our usersâ€™ trust, bunqâ€™s legal compliance, and the speed of our operations.</p><p><strong>Your key responsibilities:</strong></p><ul><li><p><strong>Handle legal account restrictions</strong> such as bankruptcies, garnishments, and court orders with full legal accuracy.</p></li><li><p><strong>Communicate clearly with users</strong>, explaining restrictions, timelines, and next steps in a way they understand and trust.</p></li><li><p><strong>Use AI and automation tools</strong> to process cases efficiently and accurately.</p></li><li><p><strong>Spot and fix process gaps</strong>, constantly improving how we handle legal cases without adding friction.</p></li><li><p><strong>Collaborate across teams</strong>, keeping legal, compliance, and operations aligned on each case.</p></li></ul><p><strong>What youâ€™ll work on right away:</strong><br>â†’ <strong>Manage incoming legal orders</strong>, apply restrictions accurately, and track them through resolution.<br>â†’ <strong>Support users during restrictions</strong>, sending clear, timely updates.<br>â†’ <strong>Lift or adjust restrictions</strong> as soon as legal conditions allow, ensuring user access is restored fast.<br>â†’ <strong>Keep a clean audit trail</strong>, documenting actions and decisions for transparency and compliance.<br>â†’ <strong>Improve processes using data</strong>, helping bunq move faster while staying 100% compliant.</p><p style=""min-height: 1.7em;""></p>",,recruitee
Bunq,Android Developer,"Amsterdam, Noord-Holland, Netherlands",https://bunq.recruitee.comNone,"<p>At bunq, weâ€™re revolutionizing financial freedom worldwide. As part of the bunq and tricount team, youâ€™ll design and develop mobile applications that simplify banking and group expense management for millions of users. Collaborate with our team to deliver seamless, secure, and user-friendly experiences on the Android platform.<br></p><h3><strong>Take Ownership</strong></h3><p>You'll be a vital part of the team that builds and refines our app to give millions of people a smooth, secure, and powerful way to manage their money.</p><ul><li><p>Craft top-notch Android applications for both the bunq and tricount apps, revolutionizing how users experience banking and group expense management ğŸ’¡</p></li><li><p>Team up with cross-functional squads to brainstorm, build, and launch exciting new features across both platforms ğŸš€</p></li><li><p>Fine-tune performance, boost quality, and enhance responsiveness to deliver a seamless, standout user experience for everyone ğŸ¯</p></li></ul>",,recruitee
Bunq,Legal Account Restriction Lead,"Sofia, Sofia (stolitsa), Bulgaria",https://bunq.recruitee.comNone,"<p class=""p1"">As <strong>Legal Account Restrictions Lead</strong>, your mission is to <strong>protect both bunq and our users by applying legal restrictions the right wayâ€”fast, fair, and crystal clear.</strong><br>You'll lead the team that makes sure users are informed, secure, and never left in the dark.</p><p class=""p2"" style=""min-height: 1.7em;""></p><p class=""p3""><strong>Why this matters:</strong></p><p class=""p1"">At bunq, our mission is to Make Life Easy â€” for our users, our teams, and the world around us.<br>The Legal Account Restrictions team makes this happen by <strong>following legal orders with precision while keeping users informed and empowered.</strong></p><p class=""p1"">As <strong>Legal Account Restrictions Lead</strong>, youâ€™ll ensure we follow the law to the letterâ€”without creating friction for our users. Youâ€™ll lead with care, build efficient systems, and drive impact with smart automation.</p><p class=""p2"" style=""min-height: 1.7em;""></p><p class=""p3"" style=""min-height: 1.7em;""></p><p class=""p3""><strong>Take ownership:</strong></p><p class=""p1"">As a <strong>Legal Account Restrictions Lead</strong>, youâ€™ll take charge of key responsibilities that directly impact bunqâ€™s risk management, compliance standards, and usersâ€™ trust when legal issues arise.</p><p class=""p1"" style=""min-height: 1.7em;""></p><p class=""p1""><strong>Your key responsibilities:</strong></p><ul class=""ul1""><li><p><strong>Ensure fast and accurate legal account restrictions</strong> by applying regulatory requirements with precision.</p></li><li><p><strong>Lead and coach a high-performing team</strong>, ensuring ownership, speed, and empathy in every case.</p></li><li><p><strong>Use AI to scale operations</strong>, improve accuracy, and reduce manual work without compromising compliance.</p></li><li><p><strong>Design clear, user-first processes</strong> that meet legal obligations while keeping Eva informed every step of the way.</p></li><li><p><strong>Maintain compliance excellence</strong>, keeping all documentation and trainings up to date.</p></li></ul><p class=""p4"" style=""min-height: 1.7em;""></p><p class=""p1""><strong>What youâ€™ll work on right away:</strong><br>â†’ <strong>Legal Account Restrictions Handling</strong> â†’ Automate detection and application of restrictions, and notify users with meaningful updates via our AI agent.<br>â†’<strong> Escalation Management</strong> â†’ Investigate escalated cases, decide the right course of action, and communicate it clearly and empathetically.<br>â†’ <strong>Audit Trail &amp; Communication</strong> â†’ Keep clear logs, follow up with authorities, and auto-unblock when legally allowed.<br>â†’ <strong>Quality Control &amp; Coaching</strong> â†’ Sample resolved cases weekly, share top learnings, and lead biweekly micro-trainings.<br><strong>â†’ Process Optimization</strong> â†’ Identify gaps, improve internal tools and documentation, and manage team capacity to ensure timely and high-quality case handling.</p><p style=""min-height: 1.7em;""></p>",,recruitee
Bunq,Legal Account Restriction Lead,"Ä°stanbul, Ä°stanbul, TÃ¼rkiye",https://bunq.recruitee.comNone,"<p class=""p1"">As <strong>Legal Account Restrictions Lead</strong>, your mission is to <strong>protect both bunq and our users by applying legal restrictions the right wayâ€”fast, fair, and crystal clear.</strong><br>You'll lead the team that makes sure users are informed, secure, and never left in the dark.</p><p class=""p2"" style=""min-height: 1.7em;""></p><p class=""p3""><strong>Why this matters:</strong></p><p class=""p1"">At bunq, our mission is to Make Life Easy â€” for our users, our teams, and the world around us.<br>The Legal Account Restrictions team makes this happen by <strong>following legal orders with precision while keeping users informed and empowered.</strong></p><p class=""p1"">As <strong>Legal Account Restrictions Lead</strong>, youâ€™ll ensure we follow the law to the letterâ€”without creating friction for our users. Youâ€™ll lead with care, build efficient systems, and drive impact with smart automation.</p><p class=""p2"" style=""min-height: 1.7em;""></p><p class=""p3""><strong>Take ownership:</strong></p><p class=""p1"">As a <strong>Legal Account Restrictions Lead</strong>, youâ€™ll take charge of key responsibilities that directly impact bunqâ€™s risk management, compliance standards, and usersâ€™ trust when legal issues arise.</p><p class=""p1"" style=""min-height: 1.7em;""></p><p class=""p1""><strong>Your key responsibilities:</strong></p><ul class=""ul1""><li><p><strong>Ensure fast and accurate legal account restrictions</strong> by applying regulatory requirements with precision.</p></li><li><p><strong>Lead and coach a high-performing team</strong>, ensuring ownership, speed, and empathy in every case.</p></li><li><p><strong>Use AI to scale operations</strong>, improve accuracy, and reduce manual work without compromising compliance.</p></li><li><p><strong>Design clear, user-first processes</strong> that meet legal obligations while keeping Eva informed every step of the way.</p></li><li><p><strong>Maintain compliance excellence</strong>, keeping all documentation and trainings up to date.</p></li></ul><p class=""p4"" style=""min-height: 1.7em;""></p><p class=""p1""><strong>What youâ€™ll work on right away:</strong><br>â†’ <strong>Legal Account Restrictions Handling</strong> â†’ Automate detection and application of restrictions, and notify users with meaningful updates via our AI agent.<br>â†’<strong> Escalation Management</strong> â†’ Investigate escalated cases, decide the right course of action, and communicate it clearly and empathetically.<br>â†’ <strong>Audit Trail &amp; Communication</strong> â†’ Keep clear logs, follow up with authorities, and auto-unblock when legally allowed.<br>â†’ <strong>Quality Control &amp; Coaching</strong> â†’ Sample resolved cases weekly, share top learnings, and lead biweekly micro-trainings.<br><strong>â†’ Process Optimization</strong> â†’ Identify gaps, improve internal tools and documentation, and manage team capacity to ensure timely and high-quality case handling.</p><p class=""p3"" style=""min-height: 1.7em;""></p><p style=""min-height: 1.7em;""></p>",,recruitee
Bunq,Legal Account Restriction Lead,"Amsterdam, Noord-Holland, Netherlands",https://bunq.recruitee.comNone,"<p class=""p1"">As <strong>Legal Account Restrictions Lead</strong>, your mission is to <strong>protect both bunq and our users by applying legal restrictions the right wayâ€”fast, fair, and crystal clear.</strong><br>You'll lead the team that makes sure users are informed, secure, and never left in the dark.</p><p class=""p2"" style=""min-height: 1.7em;""></p><p class=""p3""><strong>Why this matters:</strong></p><p class=""p1"">At bunq, our mission is to Make Life Easy â€” for our users, our teams, and the world around us.<br>The Legal Account Restrictions team makes this happen by <strong>following legal orders with precision while keeping users informed and empowered.</strong></p><p class=""p1"">As <strong>Legal Account Restrictions Lead</strong>, youâ€™ll ensure we follow the law to the letterâ€”without creating friction for our users. Youâ€™ll lead with care, build efficient systems, and drive impact with smart automation.</p><p class=""p2"" style=""min-height: 1.7em;""></p><p class=""p3""><strong>Take ownership:</strong></p><p class=""p1"">As a <strong>Legal Account Restrictions Lead</strong>, youâ€™ll take charge of key responsibilities that directly impact bunqâ€™s risk management, compliance standards, and usersâ€™ trust when legal issues arise.</p><p class=""p1"" style=""min-height: 1.7em;""></p><p class=""p1""><strong>Your key responsibilities:</strong></p><ul class=""ul1""><li><p><strong>Ensure fast and accurate legal account restrictions</strong> by applying regulatory requirements with precision.</p></li><li><p><strong>Lead and coach a high-performing team</strong>, ensuring ownership, speed, and empathy in every case.</p></li><li><p><strong>Use AI to scale operations</strong>, improve accuracy, and reduce manual work without compromising compliance.</p></li><li><p><strong>Design clear, user-first processes</strong> that meet legal obligations while keeping Eva informed every step of the way.</p></li><li><p><strong>Maintain compliance excellence</strong>, keeping all documentation and trainings up to date.</p></li></ul><p class=""p4"" style=""min-height: 1.7em;""></p><p class=""p1""><strong>What youâ€™ll work on right away:</strong><br>â†’ <strong>Legal Account Restrictions Handling</strong> â†’ Automate detection and application of restrictions, and notify users with meaningful updates via our AI agent.<br>â†’<strong> Escalation Management</strong> â†’ Investigate escalated cases, decide the right course of action, and communicate it clearly and empathetically.<br>â†’ <strong>Audit Trail &amp; Communication</strong> â†’ Keep clear logs, follow up with authorities, and auto-unblock when legally allowed.<br>â†’ <strong>Quality Control &amp; Coaching</strong> â†’ Sample resolved cases weekly, share top learnings, and lead biweekly micro-trainings.<br><strong>â†’ Process Optimization</strong> â†’ Identify gaps, improve internal tools and documentation, and manage team capacity to ensure timely and high-quality case handling.</p><p class=""p3"" style=""min-height: 1.7em;""></p><p style=""min-height: 1.7em;""></p>",,recruitee
Bunq,Head of Retention - New,"Amsterdam, Noord-Holland, Netherlands",https://bunq.recruitee.comNone,"<p>At bunq, weâ€™re all about making life easy for our users - and that doesnâ€™t stop once they join us. As Head of Retention, youâ€™ll take full ownership of how we engage, and keep our users coming back for more. Every touchpoint should feel personal, valuable, and perfectly timed for their life stage and behavior.</p><p>If you love blending data, creativity, and strategy to keep users happy and loyal, this is the role for you.</p><p style=""min-height: 1.7em;""></p><p><strong><span style=""color:#FFFFFF"">Take ownership</span></strong></p><ul><li><p><strong>Own the retention journey</strong>: Drive engagement by ensuring every interaction feels relevant, seamless, and rewarding.</p></li><li><p><strong>Spot and act on behaviors</strong>: Track user patterns to understand loyalty - and respond quickly when engagement dips.</p></li><li><p><strong>Help users discover more</strong>: Guide them to the features that fit their needs so they can get the most out of bunq.</p></li><li><p><strong>Keep improving</strong>: Use behavioral insights to reduce friction, sharpen communication, and constantly level up the experience.</p></li></ul><p style=""min-height: 1.7em;""></p><p style=""min-height: 1.7em;""></p>",,recruitee
Bunq,Cards Experience Guide,"Sofia, Sofia (stolitsa), Bulgaria",https://bunq.recruitee.comNone,"<p>As a Cards Experience Guide, youâ€™ll be the first person our user turns to when something goes wrong with a card payment. Whether it's a declined transaction, a suspicious charge, or a request for a refund, youâ€™ll step in to make things right â€” quickly and carefully.</p><p>You'll review and issue chargebacks and refunds, making sure every case is handled with accuracy and fairness. Just as important, youâ€™ll keep our user in the loop the whole time â€” clearly explaining whatâ€™s happening, whatâ€™s coming next, and if any action is needed from their side.</p><p style=""min-height: 1.7em;""></p><p><strong>Take Ownership</strong></p><p>By picking up issues quickly, resolving them with the right solution, and keeping them in the loop you will Make Life Easy for our users. You work with the right teams to fix root causes and support payment operations in solving even the most complex problems ğŸš€</p>",,recruitee
Bunq,Cards Experience Guide,"Ä°stanbul, Ä°stanbul, TÃ¼rkiye",https://bunq.recruitee.comNone,"<p>As a Cards Experience Guide, youâ€™ll be the first person our user turns to when something goes wrong with a card payment. Whether it's a declined transaction, a suspicious charge, or a request for a refund, youâ€™ll step in to make things right â€” quickly and carefully.</p><p>You'll review and issue chargebacks and refunds, making sure every case is handled with accuracy and fairness. Just as important, youâ€™ll keep our user in the loop the whole time â€” clearly explaining whatâ€™s happening, whatâ€™s coming next, and if any action is needed from their side.</p><p style=""min-height: 1.7em;""></p><p><strong>Take Ownership</strong></p><p>By picking up issues quickly, resolving them with the right solution, and keeping them in the loop you will Make Life Easy for our users. You work with the right teams to fix root causes and support payment operations in solving even the most complex problems ğŸš€</p>",,recruitee
Bunq,Payment Experience Guide,"Sofia, Sofia (stolitsa), Bulgaria",https://bunq.recruitee.comNone,"<p>As a <strong>Payments Experience Guide</strong>, youâ€™ll be our userâ€™s go-to hero whenever something goes wrong with a payment. Whether a transfer didnâ€™t go through or something just feels off, youâ€™ll step in to investigate with care and precision. You'll make sure everything is resolved accurately and fast â€” no guesswork, no confusion.</p><p style=""min-height: 1.7em;""></p><p><strong>Take Ownership</strong></p><p>Your job is more than fixing problems: it's about <strong>keeping our users informed</strong>, reassured, and confident at every step. You'll explain whatâ€™s happening, whatâ€™s next, and what (if anything) they need to do. Youâ€™ll turn frustrating moments into smooth experiences â€” and help make banking feel effortless.</p>",,recruitee
Bunq,Payment Experience Guide,"Ä°stanbul, Ä°stanbul, TÃ¼rkiye",https://bunq.recruitee.comNone,"<p>As a <strong>Payments Experience Guide</strong>, youâ€™ll be our userâ€™s go-to hero whenever something goes wrong with a payment. Whether a transfer didnâ€™t go through or something just feels off, youâ€™ll step in to investigate with care and precision. You'll make sure everything is resolved accurately and fast â€” no guesswork, no confusion.</p><p style=""min-height: 1.7em;""></p><p><strong>Take ownership:</strong></p><p>Your job is more than fixing problems: it's about <strong>keeping our users informed</strong>, reassured, and confident at every step. You'll explain whatâ€™s happening, whatâ€™s next, and what (if anything) they need to do. Youâ€™ll turn frustrating moments into smooth experiences â€” and help make banking feel effortless.</p>",,recruitee
Bunq,Medior Legal Counsel,"Amsterdam, Noord-Holland, Netherlands",https://bunq.recruitee.comNone,"<p>To Make Life Easy for our users, we want to build a bank with a legal team that our users can rely on. Your mission is to increase efficiency of providing answers to users' request, while supporting bunq by building and optimizing our legal responses and processes in accordance with regulatory developments in our core countries. </p><p style=""min-height: 1.7em;""></p><p>Up for this? Kick off your application by taking our assessment and find out if bunq is your perfect match ğŸŒ±</p><p style=""min-height: 1.7em;""></p><p><strong>Take ownership</strong></p><p>As our Medior Legal Counsel, you will be taking ownership of:</p><ul><li><p>Stay updated on upcoming regulations and apply them to the usersâ€™ benefit (product reviews) by finding legal solutions.</p></li></ul><ul><li><p>Handel special user circumstances and claims and disputes from third-parties, regulators or others.</p></li></ul><ul><li><p>Providing legal reviews and advice to other bunqers on different contracts and partnerships ğŸ“‘</p></li></ul>",,recruitee
Bunq,Support Group Lead,"Ä°stanbul, Ä°stanbul, TÃ¼rkiye",https://bunq.recruitee.comNone,"<p><span style=""color:#afb1ba"">At bunq, our mission is to Make Life Easy for our users by giving them full freedom over their money, wherever they are in the world ğŸŒˆ<br> </span></p><p><span style=""color:#afb1ba"">The Support Team plays a key role in making this happen by being the experts behind the scene, ensuring our AI solves any complex issues with speed, care and empathy. Whenever one of our users reaches out to Support from their app, there is a Support Experience Guide ready to help our AI in providing the best solution to fix their problem at the root, making it smarter and more helpful in every interaction ğŸš€ </span></p><p><span style=""color:#afb1ba"">As a Support Group Lead, your work will directly impact our ability to not only fix our userâ€™s issues, but also build trust through one thoughtful solutions at the time, helping us keep banking safe, smart, and easy.</span></p><p style=""min-height: 1.7em;""></p><p style=""text-align:start;""><strong><span style=""font-size:1.1em""><span style=""color:#afb1ba"">Take ownership</span></span></strong></p><p><span style=""color:#afb1ba"">Make Life Easy for our users by leading a team of Support Experience Guides and ensure an excellent&nbsp;and smooth user experience ğŸŒˆ</span></p><p><strong><span style=""color:#afb1ba"">Your key responsibilities:</span></strong></p><ul><li><p><span style=""color:#afb1ba"">You lead your team to the best of their ability, performing through training our AI and achieving consistently high user satisfaction scores through their interactions with our users.</span></p></li><li><p><span style=""color:#afb1ba"">You ensure your team delivers high quality results in their interactions with our users by achieving 95% on their quality reviews</span></p></li><li><p><span style=""color:#afb1ba"">You foster a collaborative environment within your team, allowing them to thrive and perform as best as they can.</span></p></li><li><p><span style=""color:#afb1ba"">In case a member in your team struggles, you help them get back on track and improve.</span></p></li></ul><p style=""min-height: 1.7em;""></p><p style=""min-height: 1.7em;""></p>",,recruitee
Bunq,iOS Developer,"Amsterdam, Noord-Holland, Netherlands",https://bunq.recruitee.comNone,"<p><span style=""color:#cecece"">At bunq, we're not just building a banking app; we're reshaping how people around the world experience financial freedom. As an iOS Developer, youâ€™ll be instrumental in crafting and maintaining cutting-edge mobile applications that elevate our users' banking journeys. Collaborate with our dynamic team to deliver a seamless, innovative, and user-friendly experience on the iOS platform.<br></span></p><p><strong><span style=""color:#cecece"">Take Ownership</span></strong></p><ul><li><p><span style=""color:#cecece"">Develop and maintain scalable iOS architecture, ensuring efficiency and a seamless user experience using Swift and iOS SDK. </span></p></li><li><p><span style=""color:#cecece"">Integrate and optimize REST APIs, managing authentication, error handling, and data flow for smooth performance. </span></p></li><li><p><span style=""color:#cecece"">Enhance CI/CD and testing automation, maintaining fast release cycles and ensuring robust app quality.</span></p></li><li><p><span style=""color:#cecece"">Develop new features and fix bugs proactively, keeping performance sharp and delivering a seamless experience for Eva.</span></p></li></ul>",,recruitee
Bunq,Information Security Manager (CISO),"Amsterdam, Noord-Holland, Netherlands",https://bunq.recruitee.comNone,"<p>Every user, system, and transaction at bunq deserves to be secure by design. As our Information Security Manager your mission is twofold: safeguard bunqâ€™s platforms against evolving threats and ensure compliance with the worldâ€™s most demanding regulationsâ€”without slowing down innovation. Youâ€™ll combine strategic oversight, hands-on engineering insight, and cross-team coordination to close security gaps before they become incidents.</p><p style=""min-height: 1.7em;""></p><p>Take Ownership:</p><ul><li><p>Aligning bunqâ€™s strategy with applicable security regulations, assessing security risks (including vulnerabilities), and deciding which to remediate, mitigate, or accept.</p></li><li><p> Security engineering within SecOps, ensuring secure system and application design that is resilient, up-to-date with evolving threats, and compliant with relevant standards.</p></li><li><p>Continuous security assurance through regular audits, penetration tests, configuration reviews, and coordinated IT security operations with IT Risk, Compliance, and the management board.</p></li><li><p>Closing control gaps by monitoring regulatory developments, threat intelligence, and best practices; directing remediation, maintaining the Information Security Policy, and engaging auditors and regulators.</p></li></ul>",,recruitee
Bunq,User Quality Agent,"Ä°stanbul, Ä°stanbul, TÃ¼rkiye",https://bunq.recruitee.comNone,"<p style=""text-align:start;""><span style=""color:#f0f1f4"">Our user wants a bank that is centered around their needs, which includes trust in ongoing services. Your challenge in this mission is to strengthen our compliance operations, and ensure that we are compliant to local laws and regulations - and through this, help us keep Making Life Easy for our users ğŸš€</span></p><p style=""text-align:start;""><span style=""color:#f0f1f4"">Up for it? Kick off your application by taking our assessment and find out if bunq is your perfect match!</span></p><p style=""min-height: 1.7em;""></p><p style=""text-align:start;""><strong><span style=""color:#f0f1f4"">Take ownership</span></strong></p><p style=""text-align:start;""><span style=""color:#f0f1f4"">Your mission is to keep our users compliant to bunq's policies and the law, while investigating any potential deviations ğŸ” As our User Quality Agent, you will serve our users by taking ownership of:<br></span></p><ul><li><p><span style=""color:#f0f1f4"">User experience&nbsp;ğŸŒ±&nbsp;</span></p></li><li><p><span style=""color:#f0f1f4"">Understanding and applying&nbsp;bunq's AML (Anti Money Laundering) guidelines when reviewing cases</span></p></li><li><p><span style=""color:#f0f1f4"">Reviewing user transactions, including complex cases that need careful decision-making</span></p></li><li><p><span style=""color:#f0f1f4"">Process improvements to ensure compliance with laws and regulations</span><span style=""color:#121317"">&nbsp;</span></p></li></ul><p style=""min-height: 1.7em;""></p>",,recruitee
Bunq,User Quality Agent,"Sofia, Sofia (stolitsa), Bulgaria",https://bunq.recruitee.comNone,"<p style=""text-align:start;""><span style=""color:#ffffff"">Our user wants a bank that is centered around their needs, which includes trust in ongoing services. Your challenge in this mission is to strengthen our compliance operations, and ensure that we are compliant to local laws and regulations - and through this, help us keep Making Life Easy for our users ğŸš€</span></p><p style=""text-align:start;""><span style=""color:#ffffff"">Up for it? Kick off your application by taking our assessment and find out if bunq is your perfect match!</span></p><p style=""min-height: 1.7em;""></p><p style=""text-align:start;""><strong><span style=""color:#ffffff"">Take ownership</span></strong></p><p style=""text-align:start;""><span style=""color:#ffffff"">Your mission is to keep our users compliant to bunq's policies and the law, while investigating any potential deviations ğŸ” As our Customer Guide for Compliance Operations, you will serve our users by taking ownership of:<br></span></p><ul><li><p><span style=""color:#ffffff"">User experience&nbsp;ğŸŒ±&nbsp;</span></p></li><li><p><span style=""color:#ffffff"">Understanding and applying&nbsp;bunq's AML (Anti Money Laundering) guidelines when reviewing cases</span></p></li><li><p><span style=""color:#ffffff"">Reviewing user transactions, including complex cases that need careful decision-making</span></p></li><li><p><span style=""color:#ffffff"">Process improvements to ensure compliance with laws and regulations</span><span style=""color:#141217"">&nbsp;</span></p></li></ul>",,recruitee
Bunq,Data Protection Officer,"Amsterdam, Noord-Holland, Netherlands",https://bunq.recruitee.comNone,"<p><span style=""font-size:0.9em""><span style=""color:#e7e9f0"">At bunq, we're not just creating a banking app; we're reshaping how people around the world experience financial freedom. As a Data Protection Officer you'll be responsible for ensuring compliance with data protection regulations and policies. </span>You will be the point of contact for data protection authorities and individuals on data protection matters.</span></p><p><span style=""font-size:0.9em"">If you are passionate about data protection and have a strong understanding of the relevant regulations, we would like to hear from you.</span></p><p><span style=""font-size:0.9em""><span style=""color:#e7e9f0"">Join us at bunq and help us maintain the highest standards of data protection for our customers and employees. ğŸš€</span></span></p><p style=""min-height: 1.7em;""></p><h3 style=""text-align:start;""><strong><span style=""font-size:0.9em""><span style=""color:#e7e9f0"">Take Ownership</span></span></strong></h3><ul><li><p><span style=""font-size:0.9em""><span style=""color:#e7e9f0"">Develop and implement privacy policies and procedures ğŸ”</span></span></p></li><li><p><span style=""font-size:0.9em""><span style=""color:#e7e9f0"">Conduct regular audits to identify and address data protection issues ğŸ•µğŸ½â€â™€ï¸</span></span></p></li><li><p><span style=""font-size:0.9em""><span style=""color:#e7e9f0"">Review and sign off on privacy risk assessments prepared by the Operationsâ€™s - Data Protection ğŸ“„</span></span></p></li></ul>",,recruitee
Bunq,Senior Compliance Officer,"Amsterdam, Noord-Holland, Netherlands",https://bunq.recruitee.comNone,"<p>Our user wants a bank that is centered around their needs, which includes trust in ongoing services.&nbsp;Your challenge in this mission&nbsp;is to strengthen our regulatory framework, and&nbsp;ensure that our services remain compliant to local laws and regulations - and through this, help us keep Making Life Easy for our users&nbsp;ğŸš€<br><br>Up for it? Kick off your application by taking our assessment and find out if bunq is your perfect match ğŸ–‡ï¸<br></p><p><br></p><p><strong>What you'll do</strong><br>As our Senior Compliance Officer, you will be taking ownership by:<br></p><ul><li><p>Using a data-driven approach to prioritize and improve compliance processes and models without losing efficiency&nbsp;ğŸ“‘</p></li><li><p>Engaging with key stakeholders (i.e. first line, risk, audit) and work cooperatively to present, create, develop and/or implement the requirements related to AML/CFT &amp; Sanctions regulation</p></li><li><p>Maintaining internal policies and guidelines on different subject matters, and ensuring bunq stays compliant with local laws and regulations ğŸ’ªğŸ»</p></li></ul>",,recruitee
Bunq,User Verification Agent,"Ä°stanbul, Ä°stanbul, TÃ¼rkiye",https://bunq.recruitee.comNone,"<p class=""p1"">We promise our users a seamless verification experience, ensuring their accounts are verified quickly and securely. Your mission? Help our users get their personal and business accounts verified without unnecessary delays while making the onboarding process as smooth as possible. ğŸš€</p><p class=""p2"" style=""min-height: 1.7em;""></p><p class=""p1""><strong>Take Ownership</strong></p><ul class=""ul1""><li><p>Make Life Easy for our users by ensuring a hassle-free onboarding experience.&nbsp;</p></li><li><p>Manually review our users based on our user verification policies.&nbsp;</p></li><li><p>Stay ahead by keeping up with process updates and ensuring a clear verification path for our users.&nbsp;</p></li><li><p>Minimize delays by following the support triangle and keeping our users informed about their next steps.&nbsp;</p></li><li><p>Spot and report bugs or inefficiencies, making our onboarding process even better.<br><br>Are you ready to make user verification seamless and secure? Letâ€™s go! ğŸŒˆ</p></li></ul><p style=""min-height: 1.7em;""></p>",,recruitee
Bunq,User Verification Agent,"Sofia, Sofia (stolitsa), Bulgaria",https://bunq.recruitee.comNone,"<p class=""p1"">We promise our users a seamless verification experience, ensuring their accounts are verified quickly and securely. Your mission? Help our users get their personal and business accounts verified without unnecessary delays while making the onboarding process as smooth as possible. ğŸš€</p><p class=""p2"" style=""min-height: 1.7em;""></p><p class=""p1""><strong>Take Ownership</strong></p><ul class=""ul1""><li><p>Make Life Easy for our users by ensuring a hassle-free onboarding experience.&nbsp;</p></li><li><p>Manually review our users based on our user verification policies.&nbsp;</p></li><li><p>Stay ahead by keeping up with process updates and ensuring a clear verification path for our users.&nbsp;</p></li><li><p>Minimize delays by following the support triangle and keeping our users informed about their next steps.&nbsp;</p></li><li><p>Spot and report bugs or inefficiencies, making our onboarding process even better.<br><br>Are you ready to make user verification seamless and secure? Letâ€™s go! ğŸŒˆ</p></li></ul><p style=""min-height: 1.7em;""></p><p style=""min-height: 1.7em;""></p>",,recruitee
Bunq,Support Experience Guide,"Ä°stanbul, Ä°stanbul, TÃ¼rkiye",https://bunq.recruitee.comNone,"<p>As a&nbsp;<strong>Support Experience Guide</strong>, youâ€™re the expert behind the scenes â€” ensuring our AI assistant solves complex issues with speed, care, and empathy.&nbsp; Youâ€™re not just fixing problems: youâ€™re building trust, one thoughtful solution at a time ğŸŒˆ<br><br>&nbsp;If needed, you don't refrain from stepping in the spotlight, assisting our users directly over chat/emails mostly, or occasionally over the phone; whenever thereâ€™s something that just needs human eyes â€” youâ€™re there ğŸ’ª<strong><br><br>Take ownership:</strong><br></p><ul><li><p>Ensure our users feel supported, understood, and never left behind</p></li><li><p>Contribute to improve our AI tool by fine-tuning its responses</p></li><li><p>Guide our AI in every interaction into becoming smarter</p></li><li><p>Drive solutions for the underlying issues that push our users to reach out to support</p></li></ul>",,recruitee
Bunq,SOS Hotline Support Guide,"Ä°stanbul, Ä°stanbul, TÃ¼rkiye",https://bunq.recruitee.comNone,"<p>We promise our users a hassle free banking experience; In case they experience an urgent issue with their bunq account, they need reassurance with a quick &amp; straightforward resolution and be sure bunq always has their back when it counts most ğŸŒˆ As a SOS Hotline Support Guide, your mission is to provide our users with the empathetic and efficient assistance they need when they reach out to our SOS Hotline, resolving their issues in no time ğŸš€<br><br></p><p><strong><span style=""font-size:1.1em"">Take ownership</span></strong><span style=""font-size:1.1em""><br></span>Make Life Easy for our users by making data-driven decisions with a user-centric approach ğŸ¤</p><ul><li><p>Serve as the first point of contact for any user calling our SOS Hotline</p></li><li><p>Deliver a top notch customer experience by understanding our user's needs and issue, to provide them with a resolution in the most empathetic way</p></li><li><p>Stay up to date with our processes and master them to help our users as efficiently as you can</p></li><li><p>Collaborate with operational teams, contributing to constantly&nbsp;improve our user's satisfaction and quality of service</p></li><li><p>Make use of our internal AI tools to streamline your work and focus on what truly matters</p></li></ul>",,recruitee
Bunq,Support Experience Guide,"Sofia, Sofia (stolitsa), Bulgaria",https://bunq.recruitee.comNone,"<p><br>As a <strong>Support Experience Guide</strong>, youâ€™re the expert behind the scenes â€” ensuring our AI assistant solves complex issues with speed, care, and empathy. Youâ€™re not just fixing problems: youâ€™re building trust, one thoughtful solution at a time ğŸŒˆ</p><p>If needed, you don't refrain from stepping into the spotlight, assisting our users directly over chat and&nbsp;email&nbsp;or occasionally over the phone. Whenever thereâ€™s something that just needs human eyes â€” youâ€™re there ğŸ’ª<br></p><p><br></p><p><strong><span style=""font-size:1.2em"">Take ownership:</span></strong><br></p><ul><li><p>Ensure our users feel supported, understood and never left behind by focusing on what truly matters</p></li><li><p>Contribute to the improvement of our AI tool by fine-tuning its responses</p></li><li><p>Guide our AI in every interaction to allow it to become smarter</p></li><li><p>Drive solutions for the underlying issues that push our users to reach out to support</p></li></ul><p><br></p><p><strong><span style=""font-size:1.2em"">You'll thrive in our environment if this sounds like you:</span></strong><br></p><ul><li><p>Youâ€™re naturally curious and always looking to improve how things work</p></li><li><p>You stay calm when things get hectic and bring a positive, solution-driven mindset</p></li><li><p>Youâ€™re the kind of person others rely on -&nbsp;steady, thoughtful, and proactive</p></li></ul>",,recruitee
Bunq,SOS Hotline Support Guide,"Sofia, Sofia (stolitsa), Bulgaria",https://bunq.recruitee.comNone,"<p>We promise our users a hassle free banking experience; In case they experience an urgent issue with their bunq account, they need reassurance with a quick &amp; straightforward resolution and be sure bunq always has their back when it counts most ğŸŒˆ As a SOS Hotline Support Guide, your mission is to provide our users with the empathetic and efficient assistance they need when they reach out to our SOS Hotline, resolving their issues in no time ğŸš€<br><br></p><p><strong><span style=""font-size:1.1em"">Take ownership</span></strong><span style=""font-size:1.1em""><br></span>Make Life Easy for our users by making data-driven decisions with a user-centric approach ğŸ¤</p><ul><li><p>Serve as the first point of contact for any user calling our SOS Hotline</p></li><li><p>Deliver a top notch customer experience by understanding our user's needs and issue, to provide them with a resolution in the most empathetic way</p></li><li><p>Stay up to date with our processes and master them to help our users as efficiently as you can</p></li><li><p>Collaborate with operational teams, contributing to constantly&nbsp;improve our user's satisfaction and quality of service</p></li><li><p>Ğœake use of our internal AI tools to streamline your work and focus on what truly matters</p></li></ul>",,recruitee
Bunq,Fraud Ops Analyst,"Sofia, Sofia (stolitsa), Bulgaria",https://bunq.recruitee.comNone,"<p>Weâ€™re all about giving our users a smooth, worry-free banking experience while keeping their money safe from fraudsters ğŸ›¡ï¸ As a Fraud Ops Analyst, youâ€™ll be the go-to person for spotting any suspicious activity, protecting users at every stage, and making sure we stay compliant with all the rules.</p><p>Youâ€™ll handle everything related to fraud cases, take charge of tricky situations, and come up with smart ideas to make our processes even better for a safer and smoother banking experience.</p><p><br></p><p><strong>Take Ownership</strong></p><p>â€¢&nbsp;Become a detective in fraud prevention, using your in-depth investigation and problem-solving skills to protect our users from suspicious activity ğŸ•µï¸â€â™‚ï¸</p><p>â€¢&nbsp;Keep an eye out for potential risks, using your knowledge of fraud monitoring and prevention to stay one step ahead</p><p>â€¢&nbsp;Bring empathy and effective communication into every interaction to provide the best support possible</p>",,recruitee
Bunq,Fraud Ops Analyst,"Ä°stanbul, Ä°stanbul, TÃ¼rkiye",https://bunq.recruitee.comNone,"<p>Weâ€™re all about giving our users a smooth, worry-free banking experience while keeping their money safe from fraudsters ğŸ›¡ï¸ As a Fraud Ops Analyst, youâ€™ll be the go-to person for spotting any suspicious activity, protecting users at every stage, and making sure we stay compliant with all the rules.</p><p>Youâ€™ll handle everything related to fraud cases, take charge of tricky situations, and come up with smart ideas to make our processes even better for a safer and smoother banking experience.</p><p><br></p><p><strong>Take Ownership</strong></p><p>â€¢&nbsp;Become a detective in fraud prevention, using your in-depth investigation and problem-solving skills to protect our users from suspicious activity ğŸ•µï¸â€â™‚ï¸</p><p>â€¢&nbsp;Keep an eye out for potential risks, using your knowledge of fraud monitoring and prevention to stay one step ahead</p><p>â€¢&nbsp;Bring empathy and effective communication into every interaction to provide the best support possible</p>",,recruitee
