title,department,agency,location,salary_min,salary_max,url,date_posted,description,source
DATA SCIENTIST,Department of the Navy,Naval Sea Systems Command,"Keyport, Washington",99606,129494,https://www.usajobs.gov:443/job/845917100,2025-09-15T06:55:43.2930,"You will serve as a DATA SCIENTIST in the ENGINEERING & PRODUCTION ENABLEMENT BRANCH within the UNDERSEA WEAPONS DEPARTMENT of NAVAL UNDERSEA WARFARE CENTER, DIVISION KEYPORT, WASHINGTON (NAVUNSEAWARCENDIV KEYPORT WA).",USAJobs
DATA SCIENTIST,Department of the Air Force,Air Force Materiel Command,Multiple Locations,49960,99314,https://www.usajobs.gov:443/job/845331500,2025-09-09T00:00:00.0000,"Click on ""Learn more about this agency"" button below for IMPORTANT additional information. The primary purpose of this position is: serve as an advanced trainee, to receive on-the job training in Data Science, and to complete developmental assignments and training outlined in the formal training & development plan. This is a formal Air Force intern position, established under the PALACE Acquire (PAQ) program.",USAJobs
Business Information (BI) Data Scientist Supervisor,Department of the Navy,U.S. Marine Corps,"Quantico, Virginia",131800,154000,https://www.usajobs.gov:443/job/844991500,2025-09-04T09:40:02.5330,"Marine Corps Community Services (MCCS) is looking for the best and brightest to join our Team! MCCS is a comprehensive program that supports and enhances the quality of life for Marines, their families, and others in the Marine Corps Community. We offer a team oriented environment comprised of military personnel, civilian employees, contractors and volunteers who keep the organization functioning smoothly and effectively.",USAJobs
OPERATIONS RESEARCH ANALYST (SENIOR DATA SCIENTIST/ECONOMETRICIAN),Other Agencies and Independent Organizations,Surface Transportation Board,"Washington, District of Columbia",167603,195200,https://www.usajobs.gov:443/job/845291800,2025-09-08T14:20:33.3430,"The Surface Transportation Board (STB) is an economic regulatory agency that exercises its statutory authority to support an efficient, competitive, and sound transportation network. This position is located in the Office of Economics (OE) at the STB and is responsible for assisting OE's Director and Deputy Director in accomplishing the office's technical functions effectively and efficiently.",USAJobs
Clinical Lab Scientist,Department of Veterans Affairs,Veterans Health Administration,"Dayton, Ohio",84702,110107,https://www.usajobs.gov:443/job/846421700,2025-09-17T00:00:00.0000,"This is the full performance level (FPL) for the Clinical Laboratory Scientist (CLS) position assigned to the Clinical Testing Unit, Microbiology, or Pathology department within P&LMS at Dayton VAMC, Dayton, Ohio. The incumbent must meet the basic requirements and the additional Experience or Education requirements as defined in the Clinical Laboratory Scientist Qualification Standard (GS-0644).",USAJobs
Clinical Laboratory Scientist,Department of Veterans Affairs,Veterans Health Administration,"Panama City Beach, Florida",60399,116199,https://www.usajobs.gov:443/job/845319200,2025-09-08T00:00:00.0000,"As a generalist Clinical Laboratory Scientist (CLS) with responsibility for performing procedures in the areas of Blood Bank, Chemistry and Special Chemistry, Hematology/Coagulation, Phlebotomy, Urinalysis, Immunohematology, Microbiology, referral testing, and ancillary testing. The generalist Clinical Laboratory Scientists rotate with other generalists on a regular basis through the above-mentioned areas.",USAJobs
Clinical Laboratory Scientist,Department of Veterans Affairs,Veterans Health Administration,"Louisville, Kentucky",59853,115148,https://www.usajobs.gov:443/job/836752500,2025-05-09T00:00:00.0000,"This position is eligible for the Education Debt Reduction Program (EDRP), a student loan payment reimbursement program. You must meet specific eligibility requirements per VHA policy and submit your EDRP application within four months of appointment. Program Approval, award amount (up to $200,000) & eligibility period (one to five years) are determined by the VHA Education Loan Repayment Services program office after review of the EDRP application. Former EDRP participants ineligible to apply.",USAJobs
Clinical Laboratory Scientist,Department of Veterans Affairs,Veterans Health Administration,"Louisville, Kentucky",59853,115148,https://www.usajobs.gov:443/job/836752600,2025-05-09T00:00:00.0000,"This position is eligible for the Education Debt Reduction Program (EDRP), a student loan payment reimbursement program. You must meet specific eligibility requirements per VHA policy and submit your EDRP application within four months of appointment. Program Approval, award amount (up to $200,000) & eligibility period (one to five years) are determined by the VHA Education Loan Repayment Services program office after review of the EDRP application. Former EDRP participants ineligible to apply.",USAJobs
Clinical Laboratory Scientist,Department of Veterans Affairs,Veterans Health Administration,"White River Junction, Vermont",58470,110846,https://www.usajobs.gov:443/job/841036700,2025-07-17T00:00:00.0000,"This position is eligible for the Education Debt Reduction Program (EDRP), a student loan payment reimbursement program. You must meet specific individual eligibility requirements in accordance with VHA policy and submit your EDRP application within four months of appointment. Program Approval, award amount (up to $200,000) and eligibility period (one to five years) are determined by the VHA Education Loan Repayment Services program office after complete review of the EDRP application.",USAJobs
Clinical Laboratory Scientist (Generalist),Department of Veterans Affairs,Veterans Health Administration,"West Haven, Connecticut",69012,132769,https://www.usajobs.gov:443/job/846474900,2025-09-19T12:08:03.1730,"This position is eligible for the Education Debt Reduction Program (EDRP), a student loan payment reimbursement program. You must meet specific individual eligibility requirements in accordance with VHA policy and submit your EDRP application within four months of appointment. Program Approval, award amount (up to $200,000) and eligibility period (one to five years) are determined by the VHA Education Loan Repayment Services program office after complete review of the EDRP application.",USAJobs
Clinical Laboratory Scientist,Department of Veterans Affairs,Veterans Health Administration,"White River Junction, Vermont",58470,110846,https://www.usajobs.gov:443/job/841036500,2025-07-17T00:00:00.0000,"This position is eligible for the Education Debt Reduction Program (EDRP), a student loan payment reimbursement program. You must meet specific individual eligibility requirements in accordance with VHA policy and submit your EDRP application within four months of appointment. Program Approval, award amount (up to $200,000) and eligibility period (one to five years) are determined by the VHA Education Loan Repayment Services program office after complete review of the EDRP application.",USAJobs
Clinical Laboratory Scientist,Department of Veterans Affairs,Veterans Health Administration,"White River Junction, Vermont",58470,110846,https://www.usajobs.gov:443/job/841062700,2025-07-18T00:00:00.0000,"This position is eligible for the Education Debt Reduction Program (EDRP), a student loan payment reimbursement program. You must meet specific individual eligibility requirements in accordance with VHA policy and submit your EDRP application within four months of appointment. Program Approval, award amount (up to $200,000) and eligibility period (one to five years) are determined by the VHA Education Loan Repayment Services program office after complete review of the EDRP application.",USAJobs
Clinical Laboratory Scientist,Department of Veterans Affairs,Veterans Health Administration,"White River Junction, Vermont",58470,110846,https://www.usajobs.gov:443/job/841062900,2025-07-17T00:00:00.0000,"This position is eligible for the Education Debt Reduction Program (EDRP), a student loan payment reimbursement program. You must meet specific individual eligibility requirements in accordance with VHA policy and submit your EDRP application within four months of appointment. Program Approval, award amount (up to $200,000) and eligibility period (one to five years) are determined by the VHA Education Loan Repayment Services program office after complete review of the EDRP application.",USAJobs
Clinical Laboratory Scientist,Department of Veterans Affairs,Veterans Health Administration,"Panama City Beach, Florida",89388,116199,https://www.usajobs.gov:443/job/845319400,2025-09-08T00:00:00.0000,"The generalist Clinical Laboratory Scientist (CLS) with responsibility for performing procedures in the areas of Blood Bank, Chemistry and Special Chemistry, Hematology/Coagulation, Phlebotomy, Urinalysis, Immunohematology, Microbiology, referral testing, and ancillary testing. The generalist Clinical Laboratory Scientists rotate with other generalists on a regular basis through the above-mentioned areas.",USAJobs
Clinical Laboratory Scientist,Department of Veterans Affairs,Veterans Health Administration,Multiple Locations,74500,134370,https://www.usajobs.gov:443/job/845636200,2025-09-11T12:44:35.9270,"This position is eligible for the Education Debt Reduction Program (EDRP), a student loan payment reimbursement program. You must meet specific individual eligibility requirements in accordance with VHA policy and submit your EDRP application within four months of appointment. Program Approval, award amount (up to $200,000) and eligibility period (one to five years) are determined by the VHA Education Loan Repayment Services program office after complete review of the EDRP application.",USAJobs
Clinical Laboratory Scientist,Department of Veterans Affairs,Veterans Health Administration,"Columbia, Missouri",59695,84291,https://www.usajobs.gov:443/job/846236200,2025-09-17T12:41:49.4400,"This position is eligible for the Education Debt Reduction Program (EDRP), a student loan payment reimbursement program. You must meet specific individual eligibility requirements in accordance with VHA policy and submit your EDRP application within four months of appointment. Program Approval, award amount (up to $200,000) and eligibility period (one to five years) are determined by the VHA Education Loan Repayment Services program office after complete review of the EDRP application.",USAJobs
Clinical Laboratory Scientist,Department of Veterans Affairs,Veterans Health Administration,"Fayetteville, North Carolina",54390,104638,https://www.usajobs.gov:443/job/845498000,2025-09-10T13:08:00.1230,"The incumbent serves as a Clinical Laboratory Scientist for the Pathology and Laboratory Medicine Service (Path & Lab) at the Fayetteville VA Medical Center or Satellite Testing Sites as assigned and performs complex laboratory diagnostic testing on human specimens for diagnosis, treatment, or prevention of disease in clinical laboratory specialties including, but not limited to, Hematology, Chemistry, Microbiology, Immunology, and post-analytical phases of clinical laboratory testing.",USAJobs
Clinical Laboratory Scientist (Microbiology),Department of Veterans Affairs,Veterans Health Administration,"West Haven, Connecticut",69012,132769,https://www.usajobs.gov:443/job/846352500,2025-09-19T00:00:00.0000,"This position is eligible for the Education Debt Reduction Program (EDRP), a student loan payment reimbursement program. You must meet specific individual eligibility requirements in accordance with VHA policy and submit your EDRP application within four months of appointment. Program Approval, award amount (up to $200,000) and eligibility period (one to five years) are determined by the VHA Education Loan Repayment Services program office after complete review of the EDRP application.",USAJobs
CLINICAL LABORATORY SCIENTIST,Department of Veterans Affairs,Veterans Health Administration,"Roseburg, Oregon",69281,133286,https://www.usajobs.gov:443/job/846149300,2025-09-16T15:57:59.5830,"This position is eligible for the Education Debt Reduction Program (EDRP), a student loan payment reimbursement program. You must meet specific individual eligibility requirements in accordance with VHA policy and submit your EDRP application within four months of appointment. Program Approval, award amount (up to $200,000) and eligibility period (one to five years) are determined by the VHA Education Loan Repayment Services program office after complete review of the EDRP application.",USAJobs
CLINICAL LABORATORY SCIENTIST,Department of Veterans Affairs,Veterans Health Administration,"Roseburg, Oregon",69281,133286,https://www.usajobs.gov:443/job/846149400,2025-09-16T15:58:01.8870,"This position is eligible for the Education Debt Reduction Program (EDRP), a student loan payment reimbursement program. You must meet specific individual eligibility requirements in accordance with VHA policy and submit your EDRP application within four months of appointment. Program Approval, award amount (up to $200,000) and eligibility period (one to five years) are determined by the VHA Education Loan Repayment Services program office after complete review of the EDRP application.",USAJobs
Clinical Laboratory Scientist,Department of Veterans Affairs,Veterans Health Administration,"Fayetteville, Arkansas",63165,121520,https://www.usajobs.gov:443/job/846388800,2025-09-18T15:22:15.9830,"This position is eligible for the Education Debt Reduction Program (EDRP), a student loan payment reimbursement program. You must meet specific individual eligibility requirements in accordance with VHA policy and submit your EDRP application within four months of appointment. Program Approval, award amount (up to $200,000) and eligibility period (one to five years) are determined by the VHA Education Loan Repayment Services program office after complete review of the EDRP application.",USAJobs
Clinical Laboratory Scientist,Department of Veterans Affairs,Veterans Health Administration,"Fayetteville, Arkansas",63165,121520,https://www.usajobs.gov:443/job/846489000,2025-09-19T13:11:49.6970,"This position is eligible for the Education Debt Reduction Program (EDRP), a student loan payment reimbursement program. You must meet specific individual eligibility requirements in accordance with VHA policy and submit your EDRP application within four months of appointment. Program Approval, award amount (up to $200,000) and eligibility period (one to five years) are determined by the VHA Education Loan Repayment Services program office after complete review of the EDRP application.",USAJobs
ENGINEER or SCIENTIST,Department of the Navy,Naval Sea Systems Command,"Naval Base Newport, Rhode Island",100371,155164,https://www.usajobs.gov:443/job/845899200,2025-09-15T00:00:00.0000,You will serve as a ENGINEER or SCIENTIST in the SURFACE & AVIATION SYS INTEGRATION BRANCH of NAVUNSEAWARCENDIV NEWPORT RI. The Secretary of Defense has ordered a department-wide hiring freeze subject to certain limited exceptions. This position is subject to the DoD hiring freeze. Offers of employment related to this vacancy announcement will not be executed until the position has an approved exemption.,USAJobs
INTERDISCIPLINARY ENGINEER/SCIENTIST,Department of the Navy,Naval Air Systems Command,"Patuxent River, Maryland",142488,195200,https://www.usajobs.gov:443/job/845100500,2025-09-08T00:00:00.0000,"This is a public notice flyer to notify interested applicants of anticipated vacancies. Applications will not be accepted through this flyer. Interested applicants must follow the directions in the ""How to Apply"" section of this flyer to be considered. There may or may not be actual vacancies filled from this flyer. Notice of Result letters will not be sent to applicants who respond to this flyer.",USAJobs
Clinical Laboratory Scientist,Department of Veterans Affairs,Veterans Health Administration,"Oklahoma City, Oklahoma",59063,113629,https://www.usajobs.gov:443/job/838067300,2025-06-04T00:00:00.0000,The Pathology & Laboratory Medicine Service is looking to hire (1) Clinical Laboratory Scientist located within the Oklahoma City VA Healthcare System.,USAJobs
Clinical Laboratory Scientist,Department of Veterans Affairs,Veterans Health Administration,"Oklahoma City, Oklahoma",59063,113629,https://www.usajobs.gov:443/job/838067800,2025-06-04T00:00:00.0000,The Pathology & Laboratory Medicine Service is looking to hire (1) Clinical Laboratory Scientist located within the Oklahoma City VA Healthcare System.,USAJobs
Clinical Lab Scientist,Department of Veterans Affairs,Veterans Health Administration,"Aurora, Colorado",63741,122628,https://www.usajobs.gov:443/job/846190600,2025-09-17T09:03:27.8500,"This position is eligible for the Education Debt Reduction Program (EDRP), a student loan payment reimbursement program. You must meet specific individual eligibility requirements in accordance with VHA policy and submit your EDRP application within four months of appointment. Program Approval, award amount (up to $200,000) and eligibility period (one to five years) are determined by the VHA Education Loan Repayment Services program office after complete review of the EDRP application.",USAJobs
Clinical Lab Scientist,Department of Veterans Affairs,Veterans Health Administration,"Aurora, Colorado",63741,122628,https://www.usajobs.gov:443/job/846191000,2025-09-17T09:06:25.8870,"This position is eligible for the Education Debt Reduction Program (EDRP), a student loan payment reimbursement program. You must meet specific eligibility requirements per VHA policy and submit your EDRP application within four months of appointment. Program Approval, award amount (up to $200,000) & eligibility period (one to five years) are determined by the VHA Education Loan Repayment Services program office after review of the EDRP application. Former EDRP participants ineligible to apply.",USAJobs
ENGINEER/SCIENTIST,Department of the Navy,Naval Sea Systems Command,"Dahlgren, Virginia",61933,153354,https://www.usajobs.gov:443/job/811214500,2024-09-30T00:00:00.0000,"This is a public notice flyer to notify interested applicants of anticipated vacancies. Applications will not be accepted through this flyer. Interested applicants must follow the directions in the ""How to Apply"" section of this flyer to be considered. There may or may not be actual vacancies filled from this flyer. Notice of Result letters will not be sent to applicants who respond to this flyer.",USAJobs
Mathematician,Department of the Air Force,Department of the Air Force - Agency Wide,Multiple Locations,62107,159950,https://www.usajobs.gov:443/job/825862000,2025-01-01T00:00:00.0000,"Click on ""Learn more about this agency"" button below for IMPORTANT additional information. This is a Direct Hire Solicitation. This public notice is to gather applications that may or may not result in a referral or selection.",USAJobs
SCIENTIST,Department of the Navy,Naval Sea Systems Command,"Crane, Indiana",88621,137000,https://www.usajobs.gov:443/job/845269600,2025-09-08T12:50:28.3230,"You will serve as a SCIENTIST within one of the organizations of NAVAL SURFACE WARFARE CENTER, CRANE DIVISION. The Secretary of Defense has ordered a department-wide hiring freeze subject to certain limited exceptions. This position is subject to the DoD hiring freeze. Offers of employment related to this vacancy announcement will not be executed until the position has an approved exemption.",USAJobs
MANAGER,Department of the Navy,Naval Sea Systems Command,Multiple Locations,139967,195200,https://www.usajobs.gov:443/job/846228800,2025-09-18T00:00:00.0000,"You will serve as a Manager in the Acoustic Signatures Measurement Systems Division (Code 73); Signatures Department (Code 70) of CARDEROCK DIV NS. You will serve as 73 Division Head at either West Bethesda, MD or Bangor Detachment, Bangor, WA. This position is part of the Warfare Centers Personnel Demonstration Project. ND-05 is equivalent to GS-14/15.",USAJobs
Clinical Laboratory Scientist,Department of Veterans Affairs,Veterans Health Administration,"East Orange, New Jersey",100840,131085,https://www.usajobs.gov:443/job/842989300,2025-08-11T00:00:00.0000,"This position is eligible for the Education Debt Reduction Program (EDRP), a student loan payment reimbursement program. You must meet specific eligibility requirements per VHA policy and submit your EDRP application within four months of appointment. Program Approval, award amount (up to $200,000) & eligibility period (1 to 5 years) are determined by the VHA Education Loan Repayment Services program office after review of the EDRP application. Former EDRP participants ineligible to apply.",USAJobs
ENGINEER OR SCIENTIST,Department of the Navy,Naval Sea Systems Command,"Pearl Harbor Naval Base, Oahu, Hawaii",130009,195200,https://www.usajobs.gov:443/job/846288800,2025-09-18T00:00:00.0000,"You will serve as an Underwater electromagnetic (UEM) stealth advisor in the Commander, Submarine Force, U.S. Pacific Fleet of NSWC CARD DIV D. This position is part of the Warfare Centers Personnel Demonstration Project. The ND-05 pay band encompasses positions equivalent to the GS-14 and GS-15.",USAJobs
MANAGER,Department of the Navy,Naval Sea Systems Command,"Panama City Naval Surface Warfare Center, Florida",124531,190424,https://www.usajobs.gov:443/job/846318300,2025-09-18T00:00:00.0000,You will serve as the Deputy Department Head within the Subsea and Seabed Warfare & Maritime Operations Department (S) at the NAVSURFWARFCTR PANAMA CITY DIVISION.,USAJobs
ENGINEER/SCIENTIST,Department of the Navy,Naval Sea Systems Command,"Crane, Indiana",124531,190424,https://www.usajobs.gov:443/job/845726800,2025-09-11T15:13:37.4270,"You will serve as an ENGINEER/SCIENTIST in the Energy Systems T and E Branch (JXMN), Expeditionary Warfare Weapons & Energy Systems Department (JX) of NAVAL SURFACE WARFARE CENTER.",USAJobs
GENERAL ENGINEER-PHYSICIST-OPERATIONS RESEARCH ANALYST-MATHEMATICIAN-COMPUTER SCIENTIST,Department of the Navy,Naval Sea Systems Command,"Dahlgren, Virginia",142488,195200,https://www.usajobs.gov:443/job/846443300,2025-09-19T09:36:46.4930,"This is an interdisciplinary position and may be filled by a General Engineer (0801 series), a Physicist (1310 series), an Operations Research Analyst (1515 series), a Mathematician (1520 series), or a Computer Scientist (1550 series) depending upon the qualifications of the candidate. You will serve as a ENGINEER or SCIENTIST in the SURFACE WARFARE SYSTEMS ENGINEERING GROUP of NAVSEA HQ FIELD SUPPORT.",USAJobs
INTERDISCIPLINARY COMMUNITY PLANNER/BIOLOGIST/ENVIRONMENTAL ENGINEER/PHYSICAL SCIENTIST,Department of the Navy,Naval Facilities Engineering Systems Command,"Kauai Island, Hawaii",92520,122806,https://www.usajobs.gov:443/job/846287700,2025-09-18T00:00:00.0000,You will serve as an Interdisciplinary Environmental Planner located with the Environmental Planning Team in the Environmental Division of NAVAL FACILITIES ENG COMMAND HAWAII.,USAJobs
Clinical Lab Scientist,Department of Veterans Affairs,Veterans Health Administration,"Hampton, Virginia",71073,136735,https://www.usajobs.gov:443/job/845917900,2025-09-16T00:00:00.0000,"Education Debt Reduction Program (EDRP) Authorized: This position is eligible for EDRP, a student loan payment reimbursement program. You must meet specific individual eligibility requirements in accordance with VHA policy and submit your EDRP application within four months of your start date. Approval, award amount (up to $200,000) and eligibility period (one to five years) are determined by the VHA Education Loan Repayment Services program office after complete review of the EDRP application.",USAJobs
Clinical Laboratory Scientist (Technical Specialist- Molecular Oncology),Department of Veterans Affairs,Veterans Health Administration,"Los Angeles, California",134000,174207,https://www.usajobs.gov:443/job/846482100,2025-09-18T00:00:00.0000,"The VISN 22 Pathology and Laboratory Medicine Service (PALMS) is looking for a Clinical Laboratory Scientist (Technical Specialist) for the Greater Los Angeles VA Medical Center. This is an OPEN CONTINUOUS ANNOUNCEMENT and will remain open until December 18, 2025. Qualified applicants will be considered and referred at regular intervals or as vacancies become available. This announcement can be taken down at any time.",USAJobs
Clinical Laboratory Scientist - Technical Specialist (Chemistry),Department of Veterans Affairs,Veterans Health Administration,"Tucson, Arizona",122644,159444,https://www.usajobs.gov:443/job/846035600,2025-09-16T00:00:00.0000,"The VISN 22 Pathology and Laboratory Medicine Service (PALMS) is looking for a Clinical Laboratory Scientist - Technical Specialist (Chemistry) for the Tucson VA Medical Center. The incumbent is able to exercise the independent judgement within the scope of testing and will perform high-level duties of significant scope, complexity and range of variety at least 25% of the time.",USAJobs
Clinical Laboratory Scientist - Technical Specialist (Chemistry),Department of Veterans Affairs,Veterans Health Administration,"Tucson, Arizona",122644,159444,https://www.usajobs.gov:443/job/846035700,2025-09-16T00:00:00.0000,"The VISN 22 Pathology and Laboratory Medicine Service (PALMS) is looking for a Clinical Laboratory Scientist - Technical Specialist (Chemistry) for the Tucson VA Medical Center. The incumbent is able to exercise the independent judgement within the scope of testing and will perform high-level duties of significant scope, complexity and range of variety at least 25% of the time.",USAJobs
Clinical Lab Scientist-Microbiology,Department of Veterans Affairs,Veterans Health Administration,"Mather AFB, California",115822,150561,https://www.usajobs.gov:443/job/845613500,2025-09-11T00:00:00.0000,"The microbiology CLS has knowledge of professional clinical laboratory science principles, practices, concepts, and theories that support sound, independent work. The duties and responsibilities of the CLS includes a broad range of microbiology laboratory procedures. This assignment will have microbiology duties at least 25% of the time in addition to the generalist CLS duties.",USAJobs
Research Scientist/Computer Systems Researcher - Mid to Expert Level (Maryland),Department of Defense,National Security Agency/Central Security Service,"Fort Meade, Maryland",104219,195200,https://www.usajobs.gov:443/job/846087500,2025-09-16T11:29:18.7200,"Are you looking to apply your computer science and other technical expertise to develop technologies and tools and be a part of cutting edge innovations? NSA is in search of Research Scientists and Senior Research Scientists to solve complex problems, test innovative approaches and research new solutions to make the U.S. and its allies safer and more secure. Help protect national security interests as part of the world's most advanced team of computer science professionals.",USAJobs
"Supervisory Clinical Lab Scientist (Supervisor, Specimen Acquisition, Sendout and Phelebotomy)",Department of Veterans Affairs,Veterans Health Administration,"Long Beach, California",154843,201298,https://www.usajobs.gov:443/job/846453300,2025-09-19T10:28:12.2030,The VISN 22 Pathology and Laboratory Medicine Service (PALMS) is looking for a Supervisory Clinical Laboratory Scientist (Off Shift) for the VA Long Beach Healthcare System. VISN 22 Pathology and Laboratory Medicine Service (PALMS) encompass the eight consolidated laboratories located at specific VA facilities within the VISN.,USAJobs
PREVENTION SPECIALIST,Department of the Air Force,Department of the Air Force - Agency Wide,Multiple Locations,51332,159950,https://www.usajobs.gov:443/job/814475400,2024-10-20T00:00:00.0000,"Click on ""Learn more about this agency"" button below for IMPORTANT additional information. The primary purpose of this position is to serve as Prevention Specialist at an Air or Space Force installation.",USAJobs
Lead Clinical Laboratory Scientist - Hematology,Department of Veterans Affairs,Veterans Health Administration,"Beckley, West Virginia",92604,120390,https://www.usajobs.gov:443/job/846217500,2025-09-17T00:00:00.0000,"This position is eligible for the Education Debt Reduction Program (EDRP), a student loan payment reimbursement program. You must meet eligibility requirements by VHA policy and submit your EDRP application within four months of appointment. Program Approval, award amount (up to $200,000) & eligibility period (one to five years) are determined by the VHA Education Loan Repayment Services program office after review of the EDRP application. Former EDRP participants are ineligible apply.",USAJobs
Clinical Laboratory Scientist (Quality Manager),Department of Veterans Affairs,Veterans Health Administration,"Hampton, Virginia",126073,163902,https://www.usajobs.gov:443/job/845517900,2025-09-12T00:00:00.0000,"The Clinical Laboratory Scientist (CLS) Quality Manager ensures the laboratory maintains continuous readiness and supports the organization's performance improvement and patient safety programs. The CLS maintains a laboratory performance improvement program, ensures monitoring of components and customer feedback, and interacts with management officials and organizations involved in inter laboratory quality assurance and proficiency testing.",USAJobs
Clinical Laboratory Scientist - Generalist,Department of Veterans Affairs,Veterans Health Administration,"Fort Harrison, Montana",78922,130962,https://www.usajobs.gov:443/job/835743200,2025-04-23T00:00:00.0000,"This position is eligible for the Education Debt Reduction Program (EDRP), a student loan payment reimbursement program. You must meet specific individual eligibility requirements in accordance with VHA policy and submit your EDRP application within four months of appointment. Program Approval, award amount (up to $200,000) and eligibility period (one to five years) are determined by the VHA Education Loan Repayment Services program office after complete review of the EDRP application.",USAJobs
Clinical Laboratory Scientist - Generalist,Department of Veterans Affairs,Veterans Health Administration,"Fort Harrison, Montana",78922,130962,https://www.usajobs.gov:443/job/835743300,2025-04-23T00:00:00.0000,"This position is eligible for the Education Debt Reduction Program (EDRP), a student loan payment reimbursement program. You must meet specific individual eligibility requirements in accordance with VHA policy and submit your EDRP application within four months of appointment. Program Approval, award amount (up to $200,000) and eligibility period (one to five years) are determined by the VHA Education Loan Repayment Services program office after complete review of the EDRP application.",USAJobs
OPERATIONS RESEARCH ANALYST (SENIOR DATA SCIENTIST/ECONOMETRICIAN),Other Agencies and Independent Organizations,Surface Transportation Board,"Washington, District of Columbia",167603,195200,https://www.usajobs.gov:443/job/845291800,2025-09-08T14:20:33.3430,"The Surface Transportation Board (STB) is an economic regulatory agency that exercises its statutory authority to support an efficient, competitive, and sound transportation network. This position is located in the Office of Economics (OE) at the STB and is responsible for assisting OE's Director and Deputy Director in accomplishing the office's technical functions effectively and efficiently.",USAJobs
PROGRAM ANALYST,Department of the Navy,Naval Supply Systems Command,"Naval Support Activity, Mechanicsburg, Pennsylvania",75436,117545,https://www.usajobs.gov:443/job/845747300,2025-09-17T00:00:00.0000,"You will serve as a PROGRAM ANALYST in the Fleet Planning, Outfitting, and Support Directorate; Maritime Allowance and Outfitting Department of NAVSUP WEAPON SYSTEMS SUPPORT.",USAJobs
Systems and Procedures Analyst,Department of Veterans Affairs,Deputy Assistant Secretary for Finance,Location Negotiable After Selection,63163,98422,https://www.usajobs.gov:443/job/844416000,2025-08-29T00:00:00.0000,"The incumbent is designated as a Systems and Procedures Analyst located in the VA Financial Services Center (FSC), Financial Payroll Service (FPS), Payroll Operations Service Division. The duties encompass resolving system issues, researching payroll transactions, analyzing and identifying pay impact discrepancies, preparing payroll reports and statements, analyzing budget data, coordinating workload and position utilization, and quality/management improvement.",USAJobs
Management and Program Analyst,Department of Justice,"Offices, Boards and Divisions","Washington, District of Columbia",167603,195200,https://www.usajobs.gov:443/job/845495300,2025-09-11T00:00:00.0000,The mission of the National Security Division (NSD) is to carry out the Department's highest priority: protect the United States from threats to our national security by pursuing justice through the law. NSD's organizational structure is designed to ensure greater coordination and unity of purpose between prosecutors and law enforcement agencies and intelligence attorneys and the Intelligence Community thus strengthening the effectiveness of the federal government's national security efforts.,USAJobs
Operations  Research Analyst,Department of Defense,Defense Contract Audit Agency,Multiple Locations,135382,185234,https://www.usajobs.gov:443/job/845954000,2025-09-15T11:12:27.9030,Reemployed annuitant: This vacancy does not meet the criteria for appointment of annuitants.,USAJobs
Policy Analyst,Department of Justice,"Offices, Boards and Divisions","Washington, District of Columbia",101401,156755,https://www.usajobs.gov:443/job/845640900,2025-09-11T09:39:51.6800,"This position is in the Department of Justice, Justice Management Division, Office of the Executive Secretariat. The Policy Analyst performs a variety of analytical, research, evaluative or other professional activities in the furtherance of the Department's responsibility for formulating, assessing, and promoting policy and program initiatives in the law enforcement and the administration of justice.",USAJobs
Management and Program Analyst,Department of Defense,Defense Logistics Agency,"Battle Creek, Michigan",73939,115213,https://www.usajobs.gov:443/job/845022700,2025-09-04T00:00:00.0000,See below for important information regarding this job.,USAJobs
International Trade Analyst (Investigator),Other Agencies and Independent Organizations,U.S. International Trade Commission,"Washington, District of Columbia",84601,156755,https://www.usajobs.gov:443/job/845520500,2025-09-10T11:11:17.8700,"An independent Federal agency, the U.S. International Commission provides the President and Congress with high-quality analysis and technical support on international trade, tariff and competitiveness issues; hears and decides import injury cases; and publishes the United States' tariff schedule. You will find a working environment throughout the Commission that is dedicated to the development of your technical skills and a commitment to provide balance between your work and personal life.",USAJobs
International Trade Analyst (Investigator),Other Agencies and Independent Organizations,U.S. International Trade Commission,"Washington, District of Columbia",84601,156755,https://www.usajobs.gov:443/job/845520600,2025-09-10T11:02:40.5730,"An independent Federal agency, the U.S. International Commission provides the President and Congress with high-quality analysis and technical support on international trade, tariff and competitiveness issues; hears and decides import injury cases; and publishes the United States' tariff schedule. You will find a working environment throughout the Commission that is dedicated to the development of your technical skills and a commitment to provide balance between your work and personal life.",USAJobs
Management and Program Analyst,Department of Homeland Security,Citizenship and Immigration Services,Multiple Locations,90025,138296,https://www.usajobs.gov:443/job/846128100,2025-09-17T00:00:00.0000,"This position is located in Fraud Detection and National Security Directorate, HQFDNS Fraud Division. As a Management and Program Analyst, you will use evaluative and analytical tools and techniques to assess immigration anti-fraud programs, prepare and provide reports and recommendations for managers, and advise on processes for data management and integrity.",USAJobs
Management and Program Analyst,Department of Homeland Security,Citizenship and Immigration Services,"New York, New York",90025,117034,https://www.usajobs.gov:443/job/845966000,2025-09-16T00:00:00.0000,"This position is located in Field Operations Directorate, Office of Field Operations, District 13. As an Management and Program Analyst, you will conduct and lead diverse and unique projects to gather and analyze data affecting district administrative functions to ensure the success of the USCIS mission and provide assistance and support to both District and Field Office management.",USAJobs
INTELLIGENCE SPECIALIST - ALTERNATE HIRE AUTHORITY,Department of the Air Force,Air Force Materiel Command,"Tinker AFB, Oklahoma",105383,137000,https://www.usajobs.gov:443/job/844016000,2025-08-22T00:00:00.0000,"Click on ""Learn more about this agency"" button below for IMPORTANT additional information. The primary purpose of this position is to serve as a Cyber Intelligence Analyst providing cyber threat analysis and analytic support to the production and sustainment of Air Force warfighting capabilities. Supports sustainment and improvement of AF capabilities by identifying cyber related threats and intelligence requirements and providing intelligence data and assessments in a timely/secure manner.",USAJobs
INTERDISCIPLINARY ENGINEER/SCIENTIST,Department of the Navy,Naval Air Systems Command,"Patuxent River, Maryland",142488,195200,https://www.usajobs.gov:443/job/845100500,2025-09-08T00:00:00.0000,"This is a public notice flyer to notify interested applicants of anticipated vacancies. Applications will not be accepted through this flyer. Interested applicants must follow the directions in the ""How to Apply"" section of this flyer to be considered. There may or may not be actual vacancies filled from this flyer. Notice of Result letters will not be sent to applicants who respond to this flyer.",USAJobs
Medical Records Administrator (Assistant Chief),Department of Veterans Affairs,Veterans Health Administration,"Jefferson Barracks, Missouri",93796,121930,https://www.usajobs.gov:443/job/846495200,2025-09-19T13:36:53.8130,"This position is in the Health Information Management (HIM) Service at the VA St. Louis Health Care System St. Louis, Missouri. Medical Records Administrator Specialist (MRASs) in VHA perform or supervise work concerned with the management of a health record program or the provision of services related to medical record administration/health information services. MRASs manage, preserve, analyze, and supervise the use of diagnostic and therapeutic health records/HIM.",USAJobs
Technical Careers,Other Agencies and Independent Organizations,Central Intelligence Agency,"Washington, District of Columbia",69923,185234,https://www.usajobs.gov:443/job/839081400,2025-06-18T11:38:17.8170,"We are an Agency where technology drives our mission. Few organizations can offer comparable experiences in such a wide range of disciplines. By coordinating and utilizing expertise within every field, we can respond to threats with speed and accuracy. Please visit cia.gov/careers, to view all job opportunities currently available.",USAJobs
Medical Records Administration Specialist,Department of Veterans Affairs,Veterans Health Administration,"Chillicothe, Ohio",77154,100295,https://www.usajobs.gov:443/job/846185100,2025-09-17T08:25:25.7470,This position is located in the Health Information Management (HIM) Section of Patient Business Service at the Chillicothe VA Medical Center (VAMC). Medical Records Administration Specialist (MRAS) in Veterans Health Administration (VHA) perform work concerned with the management of a health record program or the provision of services related to medical record administration/health information services.,USAJobs
FINANCIAL MANAGEMENT ANALYST,Department of the Navy,United States Fleet Forces Command,"Norfolk, Virginia",89939,139036,https://www.usajobs.gov:443/job/846328400,2025-09-19T00:00:00.0000,You will serve as a FINANCIAL MANAGEMENT ANALYST in the FLT COMPTROLLER of COMMANDER US FLEET FORCES COMMAND.,USAJobs
Financial Management Analyst,Department of Homeland Security,U.S. Secret Service,"Washington, District of Columbia",69923,109975,https://www.usajobs.gov:443/job/846142000,2025-09-16T15:18:23.4630,"Joining the Secret Service, Office of Protective Operations will allow you to perform a wide variety of financial management analysis, implementing budget formulation and financial management operations and developing financial management plans for the Division. This Financial Management Analyst position starts at a salary of $69,923 (GS-9, step 1), with promotion potential to $109,975 (GS-11, step 10). For definitions of terms found in this announcement, please click here.",USAJobs
PREVENTION SPECIALIST,Department of the Air Force,Department of the Air Force - Agency Wide,Multiple Locations,51332,159950,https://www.usajobs.gov:443/job/814475400,2024-10-20T00:00:00.0000,"Click on ""Learn more about this agency"" button below for IMPORTANT additional information. The primary purpose of this position is to serve as Prevention Specialist at an Air or Space Force installation.",USAJobs
International Trade Compliance Analyst,Department of Commerce,"Commerce, International Trade Administration","Washington, District of Columbia",69923,90898,https://www.usajobs.gov:443/job/846478900,2025-09-19T12:43:17.1900,"This vacancy to fill multiple is International Trade Compliance Analyst positions within the Department of Commerce, International Trade Administration, Office of Antidumping/Countervailing Duty Operations. If interested in this wonderful career opportunity, you are encouraged to apply!",USAJobs
International Trade Compliance Analyst,Department of Commerce,"Commerce, International Trade Administration","Washington, District of Columbia",69923,90898,https://www.usajobs.gov:443/job/846479100,2025-09-19T12:24:27.9530,"This vacancy to fill multiple is International Trade Compliance Analyst positions within the Department of Commerce, International Trade Administration, Office of Antidumping/Countervailing Duty Operations. If interested in this wonderful career opportunity, you are encouraged to apply!",USAJobs
READINESS ANALYST,Department of the Navy,U.S. Pacific Fleet,"Pearl Harbor, Hawaii",110020,143027,https://www.usajobs.gov:443/job/846201500,2025-09-17T14:09:17.4630,You will serve as a Readiness Analyst in the Fleet Warfare Assessment and Readiness Directorate (N9) of the staff of COMMANDER US PACIFIC FLEET.,USAJobs
OPERATIONS RESEARCH ANALYST,Department of the Navy,U.S. Pacific Fleet,"Pearl Harbor, Hawaii",130009,169012,https://www.usajobs.gov:443/job/845935700,2025-09-15T09:35:23.9470,You will serve as an OPERATIONS RESEARCH ANALYST in the TACTICAL READINESS & TRAINING DIVISION (N7) of PAC FLEET SUB FORCE OPS COMPONENT.,USAJobs
FINANCIAL MANAGEMENT ANALYST,Department of the Air Force,Air National Guard Units,"Fresno, California",74311,96600,https://www.usajobs.gov:443/job/842270400,2025-08-04T00:00:00.0000,"This FINANCIAL MANAGEMENT ANALYST position, is located in the Air National Guard (ANG) Wing, Comptroller Flight and is part of the CA 144 FW.",USAJobs
INTERDISCIPLINARY-GENERAL ENGINEER/OPERATIONS RESEARCH ANALYST,Department of the Navy,Immediate Office of the Chief of Naval Operations,"Naval Base, Norfolk, Virginia",106950,139036,https://www.usajobs.gov:443/job/824999600,2024-12-23T00:00:00.0000,"This is a public notice flyer to notify interested applicants of anticipated vacancies through the Certain Competitive Service / Modified Direct Hire Authority. Applications will not be accepted through this flyer. Interested applicants must follow the directions in the ""How to Apply"" section of this flyer to be considered. There may or may not be actual vacancies filled from this flyer. Notice of Result letters will not be sent to applicants who respond to this flyer.",USAJobs
Management Analyst,Department of Energy,National Nuclear Security Administration,"Washington, District of Columbia",142488,207500,https://www.usajobs.gov:443/job/846524700,2025-09-19T16:35:19.3430,"This position is part of the National Nuclear Security Administration (NNSA), Office of Counterterrorism and Counterproliferation (CTCP/NA-80), and the Office of Nuclear Incident Response (NA-84). A successful candidate in this position will serve as a Management Analyst, supporting the mission to manage, execute, and sustain Nuclear Emergency Support Team [NEST]. Which further supports nuclear and radiological counterterrorism, counterproliferation, crisis response, and consequence management.",USAJobs
FINANCIAL MANAGEMENT ANALYST,Department of the Army,Army National Guard Units,"Rancho Cordova, California",67741,88062,https://www.usajobs.gov:443/job/845763000,2025-09-12T00:00:00.0000,"This FINANCIAL MANAGEMENT ANALYST position, is located at Joint Force Headquarters (JFHQ-State), United States Property and Fiscal Office (USPFO), Comptroller Division, Pay and Exam Branch and is part of the CA USPFO Army.",USAJobs
IT SPECIALIST (CUSTSPT),Department of the Air Force,Air National Guard Units,"March AFB, California",86199,112053,https://www.usajobs.gov:443/job/841367500,2025-07-23T00:00:00.0000,"This IT SPECIALIST (CUSTSPT) position, is located in the Operations Section of a Base Communications Unit, Mission Support Group, in an Air National Guard Wing and is part of the CA 163 ATKW. This is an open until filled announcement. The announcement will be posted until all positions have been filled. Applications will be reviewed every 30 days and you will receive an email regarding your application status when reviewed.",USAJobs
ITSPEC (NETWORK),Department of the Air Force,Air National Guard Units,"Syracuse, New York",74532,96887,https://www.usajobs.gov:443/job/845410500,2025-09-09T14:34:06.1970,"THIS IS A NATIONAL GUARD TITLE 32 EXCEPTED SERVICE POSITION. This National Guard position is for a ITSPEC (NETWORK), Position Description Number D2181P01 and is part of the 174TH ATKW, National Guard. This vacancy does not meet the criteria for appointment of annuitants.",USAJobs
SUPERVISORY INTELLIGENCE SPECIALIST,Department of the Air Force,Department of the Air Force - Agency Wide,"Quantico, Virginia",142488,185234,https://www.usajobs.gov:443/job/845877000,2025-09-15T00:00:00.0000,"Click on ""Learn more about this agency"" button below for IMPORTANT additional information. The primary purpose of this position is to serve as a first level supervisor by planning, directing, organizing, and exercising control over nonsupervisory employees assigned to OSI Center and serve as an OSI Senior Intelligence Analyst(SIA) and subject matter expert responsible for the analytical direction, oversight, and coordination of OSI investigations, operations, collections, and target management.",USAJobs
OPERATIONS RESEARCH ANALYST,Department of Defense,Organization of the Joint Chiefs of Staff,"Pentagon, Arlington, Virginia",142488,185234,https://www.usajobs.gov:443/job/845916700,2025-09-15T06:37:31.9330,"This position is part of the Organization of the Joint Chiefs of Staff. Serves as the principal Intelligence, Surveillance and Reconnaissance (ISR) Operations Research Analyst in major areas of broad far-reaching or in-depth micro studies related to ISR performance and effectiveness requirements. Utilizes an extensive knowledge of and working proficiency in operations research concepts and practices, mathematical and statistical disciplines, and modeling and programming techniques",USAJobs
Supply Systems Analyst,Department of Defense,Defense Logistics Agency,"Corpus Christi, Texas",74299,96584,https://www.usajobs.gov:443/job/846185600,2025-09-17T08:30:42.4170,See below for important information regarding this job.,USAJobs
PRECISION STRIKE WEAPONEERING ANALYST,Department of the Navy,United States Fleet Forces Command,"Honolulu, Hawaii",52158,143027,https://www.usajobs.gov:443/job/831175300,2025-02-13T00:00:00.0000,"This is a public notice flyer to notify interested applicants of anticipated vacancies. Applications will not be accepted through this flyer. Interested applicants must follow the directions in the ""How to Apply"" section of this flyer to be considered. There may or may not be actual vacancies filled from this flyer. Notice of Result letters will not be sent to applicants who respond to this flyer.",USAJobs
Management and Program Analyst,Department of Homeland Security,Customs and Border Protection,"Washington, District of Columbia",120579,156755,https://www.usajobs.gov:443/job/846198500,2025-09-17T10:38:31.3700,"Organizational Location: This position is with the Department of Homeland Security, within U.S. Customs and Border Protection, Office of Facilities and Asset Management, Integrated Services Division/Acquisition and Contract Resources Program Management Office. Additional selections may be made for other organizational divisions and/or units within the duty location(s) listed above.",USAJobs
ASTRONOMER,Department of the Navy,United States Fleet Forces Command,"Washington, District of Columbia",120579,156755,https://www.usajobs.gov:443/job/845655600,2025-09-12T00:00:00.0000,"This is a public notice flyer to notify interested applicants of anticipated vacancies. Applications will not be accepted through this flyer. Interested applicants must follow the directions in the ""How to Apply"" section of this flyer to be considered. There may or may not be actual vacancies filled from this flyer. Notice of Result letters will not be sent to applicants who respond to this flyer.",USAJobs
Health System Specialist ( Credentialing & Privileging Specialist),Department of Veterans Affairs,Veterans Health Administration,"Buffalo, New York",52243,83074,https://www.usajobs.gov:443/job/845274400,2025-09-08T13:15:18.9400,"The incumbent serves as a Health Systems Specialist - C&P Specialist. They are assigned to the Credentialing and Privileging (C&P) Office at a VA Medical Center (VAMC) and is responsible for providing administrative, consulting, technical direction to the C&P Manager and to program operations. They perform a variety of C&P duties in an extremely complex VAMC or Health Care System (HCS) environment which is constantly evolving.",USAJobs
Medical Records Administrator (Chief of HIMS),Department of Veterans Affairs,Veterans Health Administration,"Fort Harrison, Montana",88621,115213,https://www.usajobs.gov:443/job/843878100,2025-08-20T00:00:00.0000,"The CHIM establishes policies, procedures, responsibilities, and requirements for HIM- related matters, such as health record documentation, coding and clinical documentation improvement, release of information, file room/scanning, records management, transcription and medical speech recognition, as well as the overall management of health information and Veterans health records.",USAJobs
Medical Records Administrator (Chief of HIMS),Department of Veterans Affairs,Veterans Health Administration,"Fort Harrison, Montana",88621,115213,https://www.usajobs.gov:443/job/843880900,2025-08-20T00:00:00.0000,"The CHIM establishes policies, procedures, responsibilities, and requirements for HIM- related matters, such as health record documentation, coding and clinical documentation improvement, release of information, file room/scanning, records management, transcription and medical speech recognition, as well as the overall management of health information and Veterans health records.",USAJobs
MANAGEMENT ANALYST,Department of the Navy,Military Sealift Command,"Naval Base, Norfolk, Virginia",89939,116925,https://www.usajobs.gov:443/job/846077600,2025-09-17T00:00:00.0000,"You will serve as a MANAGEMENT ANALYST in the TOTAL FORCE MANAGEMENT PROGRAM OFFICE (N1), BUSINESS MANAGEMENT & SUPPORT OPERATIONS OFFICE (N13) of MILITARY SEALIFT COMMAND.",USAJobs
IT SPEC (CUSTSPT) - TITLE 32,Department of the Air Force,Air National Guard Units,"Robins AFB, Georgia",73939,96116,https://www.usajobs.gov:443/job/832166600,2025-02-26T00:00:00.0000,"THIS IS A NATIONAL GUARD TITLE 32 EXCEPTED SERVICE POSITION. This position is for a IT Specialist (Customer Support), Position Description Number D2182P01 located in the in the 116th Operations Group, located at Robins AFB, Georgia. This is a full-time, Excepted Permanent, dual status position which requires Georgia Air National Guard Membership. Area of Consideration: Open to members of the Air National Guard, Air Force Reserves or Active Duty Air Force Nationwide.",USAJobs
Strategy Analyst,Department of Defense,Defense Logistics Agency,Multiple Locations,142488,185234,https://www.usajobs.gov:443/job/846000700,2025-09-15T00:00:00.0000,"See below for important information regarding this job. Position will be filled at any of the locations listed below. Site specific salary information as follows: Battle Creek, MI: $124,531- $161,889 Columbus, OH: $129,946- $168,929 Dayton, OH: $129,169 - $167,919 Fort Belvoir, VA: $142,488- $185,234 New Cumberland, PA: $142,488- $185,234 Ogden, UT: $124,531- $161,889 Philadelphia, PA: $137,222- $178,388 Richmond, VA: $130,084- $169,108",USAJobs
OPERATIONS RESEARCH ANALYST,Department of the Air Force,"Air Force Elements, U.S. Transportation Command","Scott AFB, Illinois",108057,140476,https://www.usajobs.gov:443/job/844593800,2025-08-28T13:20:26.8770,"This position is being filled under the memorandum from the Under Secretary of Defense for Personnel and Readiness (USD(P&R)) Memorandum,""Direct Hire Authority for Certain Personnel of the Department of Defense,"" June 23,2023. This position is part of the Air Force Elements, U.S. Transportation Command, Transportation Command.",USAJobs
Supply Systems Analyst,Department of Defense,Defense Logistics Agency,"Jiddah, Saudi Arabia",63163,82108,https://www.usajobs.gov:443/job/846383400,2025-09-18T15:07:44.4870,See below for important information regarding this job.,USAJobs
ASSISTANT COMMAND INSPECTOR GENERAL,Department of the Navy,U.S. Marine Corps,"Cherry Point, North Carolina",88621,115213,https://www.usajobs.gov:443/job/845599400,2025-09-11T00:00:00.0000,"This is a public notice flyer to notify interested applicants of anticipated vacancies. Applications will not be accepted through this flyer. Interested applicants must follow the directions in the ""How to Apply"" section of this flyer to be considered. There may or may not be actual vacancies filled from this flyer. Notice of Result letters will not be sent to applicants who respond to this flyer.",USAJobs
Operations Research Analyst,Department of the Air Force,Air Force Civilian Career Training,Multiple Locations,49496,99314,https://www.usajobs.gov:443/job/845327700,2025-09-09T00:00:00.0000,"The PALACE Acquire Program offers you a permanent position upon completion of your formal training plan. As a Palace Acquire Intern you will experience both personal and professional growth while dealing effectively and ethically with change, complexity, and problem solving. The program offers a 3-year formal training plan with yearly salary increases. Promotions and salary increases are based upon your successful performance and supervisory approval.",USAJobs
Procurement Analyst,Department of Defense,Defense Logistics Agency,"Whitehall, Ohio",109966,142957,https://www.usajobs.gov:443/job/846125100,2025-09-16T14:13:12.2300,See below for important information regarding this job.,USAJobs
IT SPECIALIST (NETWORK),Department of the Air Force,Air National Guard Units,"Baltimore, Maryland",84601,109975,https://www.usajobs.gov:443/job/843993000,2025-08-22T00:00:00.0000,"THIS IS A NATIONAL GUARD TITLE 32 EXCEPTED SERVICE POSITION. This is a career ladder position, GS-9/11. If selected at the GS-09 level, you may be promoted without further competition to the next level, up to the maximum promotion potential of GS-11, once all regulatory requirements have been met and upon management request This National Guard position is for a IT SPECIALIST (NETWORK), Position Description Number D2181P01 and is part of the MD 175th ANG, National Guard.",USAJobs
Cybersecurity Specialist,Department of Justice,Federal Bureau of Investigation,Multiple Locations,63163,138296,https://www.usajobs.gov:443/job/846193100,2025-09-17T00:00:00.0000,"As an FBI IT Professional, your job is to ensure our law enforcement systems, as well as the entire cyberspace within which we work, are protected. This means applying your knowledge of computer technology, cybersecurity, and more to safeguard information across the FBI, as well as our domestic and international law enforcement partners.",USAJobs
IT SPECIALIST (DATAMGT)(T32),Department of the Army,Army National Guard Units,"Montgomery, Alabama",88621,115213,https://www.usajobs.gov:443/job/843933600,2025-08-21T08:26:56.1730,"THIS IS A NATIONAL GUARD TITLE 32 EXCEPTED SERVICE POSITION. This National Guard position is for a IT SPECIALIST (DATAMGT)(T32), Position Description Number D1627P01 and is part of the AL USPFO, National Guard. ORGANIZATION: USPFO, MONTGOMERY, AL SELECTING OFFICIAL: CW4 M. BARNES",USAJobs
Surge Hiring Cadre (Detail),Department of Homeland Security,Department of Homeland Security - Agency Wide,Location Negotiable After Selection,42679,162672,https://www.usajobs.gov:443/job/842221600,2025-08-01T00:00:00.0000,The Surge Hiring Cadre gives federal employees a chance to support Department of Homeland Security department-wide mission critical staffing needs. This strategic initiative is designed to rapidly address components' hiring requirements by mobilizing experienced talent from across the federal government to fulfill high-priority positions. Detailees will serve in critical Human Resource-related support roles. This is a 6 month to 1 year detail. The detail is not a promotion opportunity.,USAJobs
STATISTICIAN,Other Agencies and Independent Organizations,Federal Trade Commission,"Washington, District of Columbia",57164,90898,https://www.usajobs.gov:443/job/845835200,2025-09-12T12:06:15.0870,"The Bureau of Economics seeks candidates for the position of Statistician. Statisticians work directly with BE staff economists to (1) provide economic analysis in support of antitrust and consumer protection investigations, litigations, and rulemaking; (2) advise the Commission, Congress, the President, and other agencies on the impact of regulations; and (3) conduct research on the functioning of markets in the economy. The position is for an initial 1-year term, renewable up to four years.",USAJobs
INTERDISCIPLINARY ENGINEER /MATHEMATICIAN /STATISTICIAN,Department of the Navy,STRATEGIC SYSTEMS PROGRAMS (SSP),"Washington Navy Yard, District of Columbia",142488,195200,https://www.usajobs.gov:443/job/846377600,2025-09-18T14:50:27.2900,"You will serve as a INTERDISCIPLINARY ENGINEER /MATHEMATICIAN /STATISTICIAN in the TECHNICAL DIVISION (SP20), MISSILE BRANCH (SP27) of STRATEGIC SYSTEMS PROGRAMS. The Secretary of Defense has ordered a department-wide hiring freeze subject to certain limited exceptions. This position is subject to the DoD hiring freeze. Offers of employment related to this vacancy announcement will not be executed until the position has an approved exemption.",USAJobs
INTERDISCIPLINARY,Department of Defense,Department of Defense Education Activity,"Alexandria County, Virginia",142488,185234,https://www.usajobs.gov:443/job/846249500,2025-09-19T00:00:00.0000,"About the Position: This position is assigned to the Deputy Assistant Secretary of Defense for Military Community and Family Policy (DASD (MC&FP), Assistant Secretary of Defense for Manpower and Reserve Affairs (M&RA), Office of the Under Secretary of Defense, Personnel and Readiness (USD (P&R)).",USAJobs
INTERDISCIPLINARY,Department of Defense,Department of Defense Education Activity,"Alexandria, Virginia",142488,185234,https://www.usajobs.gov:443/job/846317500,2025-09-19T00:00:00.0000,"About the Position:This position is assigned to the Deputy Assistant Secretary of Defense for Military Community and Family Policy (DASD (MC&FP), Assistant Secretary of Defense for Manpower and Reserve Affairs (M&RA), Office of the Under Secretary of Defense, Personnel and Readiness (USD (P&R)).",USAJobs
COMPUTER SCIENTIST,Department of the Navy,Naval Air Systems Command,"Lakehurst, New Jersey",146754,195200,https://www.usajobs.gov:443/job/845626300,2025-09-16T00:00:00.0000,"You will serve as a Computer Scientist in the Code BL21100, CMN ATE/TPS BR of NAVAIRWARCENADLKE as the Automatic Test System (ATS) Software Team Lead.",USAJobs
Computer Scientist,Department of the Air Force,Department of the Air Force - Agency Wide,Multiple Locations,74441,159950,https://www.usajobs.gov:443/job/825863100,2025-01-01T00:00:00.0000,"Click on ""Learn more about this agency"" button below for IMPORTANT additional information. This is a Direct Hire Solicitation. This public notice is to gather applications that may or may not result in a referral or selection.",USAJobs
COMPUTER SCIENTIST,Department of the Air Force,Air Force Civilian Career Training,Location Negotiable After Selection,56763,88225,https://www.usajobs.gov:443/job/845322800,2025-09-08T16:59:47.5570,"Force Renewal Programs are designed to attract students & recent graduates with management/leadership potential to careers as Federal employees with the Air Force Civilian Service. This is accomplished by recruiting & selecting high-caliber candidates & training them to become competent, effective, & productive employees in a variety of career fields; providing training & developmental opportunities, & preparing them to successfully complete required training & developmental assignments.",USAJobs
COMPUTER SCIENTIST,Department of the Air Force,Air Force Civilian Career Training,Multiple Locations,56763,99314,https://www.usajobs.gov:443/job/845328700,2025-09-09T00:00:00.0000,"The PALACE Acquire Program offers you a permanent position upon completion of your formal training plan. As a Palace Acquire Intern you will experience both personal and professional growth while dealing effectively and ethically with change, complexity, and problem solving. The program offers a 3-year formal training plan with yearly salary increases. Promotions and salary increases are based upon your successful performance and supervisory approval.",USAJobs
COMPUTER SCIENTIST-DIRECT HIRE AUTHORITY,Department of the Air Force,Air Force Materiel Command,Multiple Locations,88621,137000,https://www.usajobs.gov:443/job/840688500,2025-07-14T00:00:00.0000,"The primary purpose of this position COMPUTER SCIENTIST, NH-1550-03, is to serve as a senior professional computer scientist with project management, execution, and operational responsibility within assigned area. Multiple positions are expected to be filled from this announcement in occupational series 1550 Computer Scientist.",USAJobs
Computer Scientist (Public Notice),Department of the Air Force,Air Education and Training Command,"Lackland AFB, Texas",79735,126275,https://www.usajobs.gov:443/job/845332400,2025-09-09T00:00:00.0000,"The PALACE Acquire Program offers you a permanent position upon completion of your formal training plan. As a Palace Acquire Intern you will experience both personal and professional growth while dealing effectively and ethically with change, complexity, and problem solving. The program offers a 3-year formal training plan with yearly salary increases. Promotions and salary increases are based upon your successful performance and supervisory approval.",USAJobs
Computer Scientist-Direct Hire Authority,Department of the Air Force,Air Force Materiel Command,"Edwards AFB, California",103316,159716,https://www.usajobs.gov:443/job/844022300,2025-08-22T00:00:00.0000,"Veterans' preference does not apply to DHA recruitment. Click on ""Learn more about this agency"" button below for more information. The primary purpose of this position is to develop software needed to process test engineering and management information data within the Benefield Anechoic Facility (BAF).",USAJobs
GENERAL ENGINEER-PHYSICIST-OPERATIONS RESEARCH ANALYST-MATHEMATICIAN-COMPUTER SCIENTIST,Department of the Navy,Naval Sea Systems Command,"Dahlgren, Virginia",142488,195200,https://www.usajobs.gov:443/job/846443300,2025-09-19T09:36:46.4930,"This is an interdisciplinary position and may be filled by a General Engineer (0801 series), a Physicist (1310 series), an Operations Research Analyst (1515 series), a Mathematician (1520 series), or a Computer Scientist (1550 series) depending upon the qualifications of the candidate. You will serve as a ENGINEER or SCIENTIST in the SURFACE WARFARE SYSTEMS ENGINEERING GROUP of NAVSEA HQ FIELD SUPPORT.",USAJobs
SUPERVISORY COMPUTER SCIENTIST-Direct Hire Authority,Department of the Air Force,Air Force Materiel Command,"Eglin AFB, Florida",124531,190424,https://www.usajobs.gov:443/job/844643000,2025-08-28T17:19:56.2470,"Veteran's preference does not apply to DHA recruitment. Click on ""Learn more about this agency"" button below for more information. The primary purpose of this position is to exercise second level supervisory and managerial authorities over the 96 CS/SCOI Element. Responsible for performing professional scientific and management work in all areas of squadron operations in support of 96th Test Wing and Team Eglin units.",USAJobs
Research Scientist/Computer Systems Researcher - Mid to Expert Level (Maryland),Department of Defense,National Security Agency/Central Security Service,"Fort Meade, Maryland",104219,195200,https://www.usajobs.gov:443/job/846087500,2025-09-16T11:29:18.7200,"Are you looking to apply your computer science and other technical expertise to develop technologies and tools and be a part of cutting edge innovations? NSA is in search of Research Scientists and Senior Research Scientists to solve complex problems, test innovative approaches and research new solutions to make the U.S. and its allies safer and more secure. Help protect national security interests as part of the world's most advanced team of computer science professionals.",USAJobs
Clinical Lab Scientist (Lab Information Manager),Department of Veterans Affairs,Veterans Health Administration,"Jackson, Mississippi",98410,127939,https://www.usajobs.gov:443/job/846334400,2025-09-18T12:06:08.7030,"This position is eligible for the Education Debt Reduction Program (EDRP), a student loan payment reimbursement program. You must meet specific individual eligibility requirements in accordance with VHA policy and submit your EDRP application within four months of appointment. Program Approval, award amount (up to $200,000) and eligibility period (one to five years) are determined by the VHA Education Loan Repayment Services program office after complete review of the EDRP application.",USAJobs
Clinical Laboratory Scientist,Department of Veterans Affairs,Veterans Health Administration,"Louisville, Kentucky",59853,115148,https://www.usajobs.gov:443/job/836752500,2025-05-09T00:00:00.0000,"This position is eligible for the Education Debt Reduction Program (EDRP), a student loan payment reimbursement program. You must meet specific eligibility requirements per VHA policy and submit your EDRP application within four months of appointment. Program Approval, award amount (up to $200,000) & eligibility period (one to five years) are determined by the VHA Education Loan Repayment Services program office after review of the EDRP application. Former EDRP participants ineligible to apply.",USAJobs
Clinical Laboratory Scientist,Department of Veterans Affairs,Veterans Health Administration,"Louisville, Kentucky",59853,115148,https://www.usajobs.gov:443/job/836752600,2025-05-09T00:00:00.0000,"This position is eligible for the Education Debt Reduction Program (EDRP), a student loan payment reimbursement program. You must meet specific eligibility requirements per VHA policy and submit your EDRP application within four months of appointment. Program Approval, award amount (up to $200,000) & eligibility period (one to five years) are determined by the VHA Education Loan Repayment Services program office after review of the EDRP application. Former EDRP participants ineligible to apply.",USAJobs
ENGINEER/SCIENTIST,Department of the Navy,Naval Sea Systems Command,"Dahlgren, Virginia",61933,153354,https://www.usajobs.gov:443/job/811214500,2024-09-30T00:00:00.0000,"This is a public notice flyer to notify interested applicants of anticipated vacancies. Applications will not be accepted through this flyer. Interested applicants must follow the directions in the ""How to Apply"" section of this flyer to be considered. There may or may not be actual vacancies filled from this flyer. Notice of Result letters will not be sent to applicants who respond to this flyer.",USAJobs
ENGINEER or SCIENTIST,Department of the Navy,Naval Sea Systems Command,"Naval Base Newport, Rhode Island",100371,155164,https://www.usajobs.gov:443/job/845899200,2025-09-15T00:00:00.0000,You will serve as a ENGINEER or SCIENTIST in the SURFACE & AVIATION SYS INTEGRATION BRANCH of NAVUNSEAWARCENDIV NEWPORT RI. The Secretary of Defense has ordered a department-wide hiring freeze subject to certain limited exceptions. This position is subject to the DoD hiring freeze. Offers of employment related to this vacancy announcement will not be executed until the position has an approved exemption.,USAJobs
SCIENTIST,Department of the Navy,Naval Sea Systems Command,"Dahlgren, Virginia",61933,153354,https://www.usajobs.gov:443/job/814824900,2024-10-21T00:00:00.0000,"This is a public notice flyer to notify interested applicants of anticipated vacancies. Applications will not be accepted through this flyer. Interested applicants must follow the directions in the ""How to Apply"" section of this flyer to be considered. There may or may not be actual vacancies filled from this flyer. Notice of Result letters will not be sent to applicants who respond to this flyer.",USAJobs
Business Information (BI) Data Scientist Supervisor,Department of the Navy,U.S. Marine Corps,"Quantico, Virginia",131800,154000,https://www.usajobs.gov:443/job/844991500,2025-09-04T09:40:02.5330,"Marine Corps Community Services (MCCS) is looking for the best and brightest to join our Team! MCCS is a comprehensive program that supports and enhances the quality of life for Marines, their families, and others in the Marine Corps Community. We offer a team oriented environment comprised of military personnel, civilian employees, contractors and volunteers who keep the organization functioning smoothly and effectively.",USAJobs
SCIENTIST,Department of the Navy,Naval Sea Systems Command,"Crane, Indiana",88621,137000,https://www.usajobs.gov:443/job/845269600,2025-09-08T12:50:28.3230,"You will serve as a SCIENTIST within one of the organizations of NAVAL SURFACE WARFARE CENTER, CRANE DIVISION. The Secretary of Defense has ordered a department-wide hiring freeze subject to certain limited exceptions. This position is subject to the DoD hiring freeze. Offers of employment related to this vacancy announcement will not be executed until the position has an approved exemption.",USAJobs
INTERDISCIPLINARY ENGINEER/SCIENTIST,Department of the Navy,Naval Air Systems Command,"Patuxent River, Maryland",142488,195200,https://www.usajobs.gov:443/job/845100500,2025-09-08T00:00:00.0000,"This is a public notice flyer to notify interested applicants of anticipated vacancies. Applications will not be accepted through this flyer. Interested applicants must follow the directions in the ""How to Apply"" section of this flyer to be considered. There may or may not be actual vacancies filled from this flyer. Notice of Result letters will not be sent to applicants who respond to this flyer.",USAJobs
ENGINEER/SCIENTIST,Department of the Navy,Naval Sea Systems Command,"Crane, Indiana",124531,190424,https://www.usajobs.gov:443/job/845726800,2025-09-11T15:13:37.4270,"You will serve as an ENGINEER/SCIENTIST in the Energy Systems T and E Branch (JXMN), Expeditionary Warfare Weapons & Energy Systems Department (JX) of NAVAL SURFACE WARFARE CENTER.",USAJobs
MANAGER,Department of the Navy,Naval Sea Systems Command,"Panama City Naval Surface Warfare Center, Florida",124531,190424,https://www.usajobs.gov:443/job/846318300,2025-09-18T00:00:00.0000,You will serve as the Deputy Department Head within the Subsea and Seabed Warfare & Maritime Operations Department (S) at the NAVSURFWARFCTR PANAMA CITY DIVISION.,USAJobs
OPERATIONS RESEARCH ANALYST (SENIOR DATA SCIENTIST/ECONOMETRICIAN),Other Agencies and Independent Organizations,Surface Transportation Board,"Washington, District of Columbia",167603,195200,https://www.usajobs.gov:443/job/845291800,2025-09-08T14:20:33.3430,"The Surface Transportation Board (STB) is an economic regulatory agency that exercises its statutory authority to support an efficient, competitive, and sound transportation network. This position is located in the Office of Economics (OE) at the STB and is responsible for assisting OE's Director and Deputy Director in accomplishing the office's technical functions effectively and efficiently.",USAJobs
Clinical Lab Scientist,Department of Veterans Affairs,Veterans Health Administration,"Dayton, Ohio",84702,110107,https://www.usajobs.gov:443/job/846421700,2025-09-17T00:00:00.0000,"This is the full performance level (FPL) for the Clinical Laboratory Scientist (CLS) position assigned to the Clinical Testing Unit, Microbiology, or Pathology department within P&LMS at Dayton VAMC, Dayton, Ohio. The incumbent must meet the basic requirements and the additional Experience or Education requirements as defined in the Clinical Laboratory Scientist Qualification Standard (GS-0644).",USAJobs
Clinical Laboratory Scientist,Department of Veterans Affairs,Veterans Health Administration,"Columbia, Missouri",59695,84291,https://www.usajobs.gov:443/job/846236200,2025-09-17T12:41:49.4400,"This position is eligible for the Education Debt Reduction Program (EDRP), a student loan payment reimbursement program. You must meet specific individual eligibility requirements in accordance with VHA policy and submit your EDRP application within four months of appointment. Program Approval, award amount (up to $200,000) and eligibility period (one to five years) are determined by the VHA Education Loan Repayment Services program office after complete review of the EDRP application.",USAJobs
Clinical Laboratory Scientist,Department of Veterans Affairs,Veterans Health Administration,"Fayetteville, Arkansas",63165,121520,https://www.usajobs.gov:443/job/846388800,2025-09-18T15:22:15.9830,"This position is eligible for the Education Debt Reduction Program (EDRP), a student loan payment reimbursement program. You must meet specific individual eligibility requirements in accordance with VHA policy and submit your EDRP application within four months of appointment. Program Approval, award amount (up to $200,000) and eligibility period (one to five years) are determined by the VHA Education Loan Repayment Services program office after complete review of the EDRP application.",USAJobs
Lead Clinical Laboratory Scientist - Hematology,Department of Veterans Affairs,Veterans Health Administration,"Beckley, West Virginia",92604,120390,https://www.usajobs.gov:443/job/846217500,2025-09-17T00:00:00.0000,"This position is eligible for the Education Debt Reduction Program (EDRP), a student loan payment reimbursement program. You must meet eligibility requirements by VHA policy and submit your EDRP application within four months of appointment. Program Approval, award amount (up to $200,000) & eligibility period (one to five years) are determined by the VHA Education Loan Repayment Services program office after review of the EDRP application. Former EDRP participants are ineligible apply.",USAJobs
INTERDISCIPLINARY COMMUNITY PLANNER/BIOLOGIST/ENVIRONMENTAL ENGINEER/PHYSICAL SCIENTIST,Department of the Navy,Naval Facilities Engineering Systems Command,"Kauai Island, Hawaii",92520,122806,https://www.usajobs.gov:443/job/846287700,2025-09-18T00:00:00.0000,You will serve as an Interdisciplinary Environmental Planner located with the Environmental Planning Team in the Environmental Division of NAVAL FACILITIES ENG COMMAND HAWAII.,USAJobs
